Kreds,valgsted_navn,kandidat_navn,parti,stemmer
Helsingørkredsen,1. Helsingør Hallen,Partiliste,Socialdemokratiet,1028
Helsingørkredsen,1. Helsingør Hallen,Henrik Møller,Socialdemokratiet,719
Helsingørkredsen,1. Helsingør Hallen,Fie Hækkerup,Socialdemokratiet,56
Helsingørkredsen,1. Helsingør Hallen,Miki Dam Larsen,Socialdemokratiet,24
Helsingørkredsen,1. Helsingør Hallen,Louise Mehnke,Socialdemokratiet,60
Helsingørkredsen,1. Helsingør Hallen,Matilde Powers,Socialdemokratiet,20
Helsingørkredsen,1. Helsingør Hallen,Rasmus Stoklund,Socialdemokratiet,30
Helsingørkredsen,1. Helsingør Hallen,Partiliste,Radikale Venstre,75
Helsingørkredsen,1. Helsingør Hallen,Christian Holm Donatzky,Radikale Venstre,66
Helsingørkredsen,1. Helsingør Hallen,Martin Lidegaard,Radikale Venstre,96
Helsingørkredsen,1. Helsingør Hallen,Tine Hessner,Radikale Venstre,3
Helsingørkredsen,1. Helsingør Hallen,Christina Thorholm,Radikale Venstre,11
Helsingørkredsen,1. Helsingør Hallen,Jacob Netteberg,Radikale Venstre,5
Helsingørkredsen,1. Helsingør Hallen,Maria Katarina Nielsen,Radikale Venstre,4
Helsingørkredsen,1. Helsingør Hallen,Partiliste,Det Konservative Folkeparti,183
Helsingørkredsen,1. Helsingør Hallen,Birgitte Bergman,Det Konservative Folkeparti,135
Helsingørkredsen,1. Helsingør Hallen,Mette Abildgaard,Det Konservative Folkeparti,40
Helsingørkredsen,1. Helsingør Hallen,Nikolaj Frederiksen,Det Konservative Folkeparti,2
Helsingørkredsen,1. Helsingør Hallen,Emma Juul Hansen,Det Konservative Folkeparti,16
Helsingørkredsen,1. Helsingør Hallen,Egil Hulgaard,Det Konservative Folkeparti,4
Helsingørkredsen,1. Helsingør Hallen,Christoffer Buster Reinhardt,Det Konservative Folkeparti,10
Helsingørkredsen,1. Helsingør Hallen,Niels Martin Viuff,Det Konservative Folkeparti,3
Helsingørkredsen,1. Helsingør Hallen,Partiliste,Nye Borgerlige,137
Helsingørkredsen,1. Helsingør Hallen,Mette Thiesen,Nye Borgerlige,76
Helsingørkredsen,1. Helsingør Hallen,Per Olsen,Nye Borgerlige,6
Helsingørkredsen,1. Helsingør Hallen,Claus Bruncke,Nye Borgerlige,1
Helsingørkredsen,1. Helsingør Hallen,Søren Højbjerg,Nye Borgerlige,3
Helsingørkredsen,1. Helsingør Hallen,Søren Regenberg,Nye Borgerlige,0
Helsingørkredsen,1. Helsingør Hallen,Carsten Winther,Nye Borgerlige,0
Helsingørkredsen,1. Helsingør Hallen,Partiliste,SF - Socialistisk Folkeparti,363
Helsingørkredsen,1. Helsingør Hallen,Peter Westermann,SF - Socialistisk Folkeparti,54
Helsingørkredsen,1. Helsingør Hallen,Marianne Bigum,SF - Socialistisk Folkeparti,69
Helsingørkredsen,1. Helsingør Hallen,Marianne Stannum,SF - Socialistisk Folkeparti,10
Helsingørkredsen,1. Helsingør Hallen,Silje Brynildsen,SF - Socialistisk Folkeparti,31
Helsingørkredsen,1. Helsingør Hallen,Jens Skov,SF - Socialistisk Folkeparti,1
Helsingørkredsen,1. Helsingør Hallen,Stefan B. Skrubbeltrang,SF - Socialistisk Folkeparti,7
Helsingørkredsen,1. Helsingør Hallen,Partiliste,Liberal Alliance,387
Helsingørkredsen,1. Helsingør Hallen,Steffen W. Frølund,Liberal Alliance,24
Helsingørkredsen,1. Helsingør Hallen,Kim Bjørnstrup,Liberal Alliance,13
Helsingørkredsen,1. Helsingør Hallen,Lars Høyer Holmqvist,Liberal Alliance,20
Helsingørkredsen,1. Helsingør Hallen,Steffen Sjørslev,Liberal Alliance,1
Helsingørkredsen,1. Helsingør Hallen,Marianne Porsborg,Liberal Alliance,6
Helsingørkredsen,1. Helsingør Hallen,Robert Mørck,Liberal Alliance,3
Helsingørkredsen,1. Helsingør Hallen,Kira Danholm,Liberal Alliance,3
Helsingørkredsen,1. Helsingør Hallen,Josephine Svane,Liberal Alliance,15
Helsingørkredsen,1. Helsingør Hallen,Partiliste,KD - Kristendemokraterne,10
Helsingørkredsen,1. Helsingør Hallen,Henrik Forsberg,KD - Kristendemokraterne,0
Helsingørkredsen,1. Helsingør Hallen,Stig Grenov,KD - Kristendemokraterne,1
Helsingørkredsen,1. Helsingør Hallen,Britta Kristensen,KD - Kristendemokraterne,2
Helsingørkredsen,1. Helsingør Hallen,Kurt Pedersen,KD - Kristendemokraterne,0
Helsingørkredsen,1. Helsingør Hallen,Eva Skade Rasmussen,KD - Kristendemokraterne,1
Helsingørkredsen,1. Helsingør Hallen,Partiliste,Moderaterne,438
Helsingørkredsen,1. Helsingør Hallen,Jakob Engel-Schmidt,Moderaterne,86
Helsingørkredsen,1. Helsingør Hallen,Carina Bloch Simonsen,Moderaterne,34
Helsingørkredsen,1. Helsingør Hallen,Erick Thürmer,Moderaterne,12
Helsingørkredsen,1. Helsingør Hallen,Kim Rasmussen,Moderaterne,3
Helsingørkredsen,1. Helsingør Hallen,Kim Mejnert Frydensbjerg,Moderaterne,3
Helsingørkredsen,1. Helsingør Hallen,Ulf Helgstrand,Moderaterne,5
Helsingørkredsen,1. Helsingør Hallen,Partiliste,Dansk Folkeparti,129
Helsingørkredsen,1. Helsingør Hallen,Gert Løfgren,Dansk Folkeparti,9
Helsingørkredsen,1. Helsingør Hallen,Christian Sødergren,Dansk Folkeparti,2
Helsingørkredsen,1. Helsingør Hallen,Pia Adelsteen,Dansk Folkeparti,3
Helsingørkredsen,1. Helsingør Hallen,Brian Lyck Jørgensen,Dansk Folkeparti,1
Helsingørkredsen,1. Helsingør Hallen,Birgitte Milling,Dansk Folkeparti,1
Helsingørkredsen,1. Helsingør Hallen,Partiliste,Frie Grønne,29
Helsingørkredsen,1. Helsingør Hallen,Lars Oskan-Henriksen,Frie Grønne,3
Helsingørkredsen,1. Helsingør Hallen,Clara Rebecca Svarc,Frie Grønne,6
Helsingørkredsen,1. Helsingør Hallen,Partiliste,"Venstre, Danmarks Liberale Parti",272
Helsingørkredsen,1. Helsingør Hallen,Mette Lene Jensen,"Venstre, Danmarks Liberale Parti",51
Helsingørkredsen,1. Helsingør Hallen,Hans Andersen,"Venstre, Danmarks Liberale Parti",28
Helsingørkredsen,1. Helsingør Hallen,Jørgen Eirfeldt,"Venstre, Danmarks Liberale Parti",0
Helsingørkredsen,1. Helsingør Hallen,Thomas Elong,"Venstre, Danmarks Liberale Parti",10
Helsingørkredsen,1. Helsingør Hallen,Marianne Lynghøj,"Venstre, Danmarks Liberale Parti",15
Helsingørkredsen,1. Helsingør Hallen,Sophie Løhde,"Venstre, Danmarks Liberale Parti",138
Helsingørkredsen,1. Helsingør Hallen,Partiliste,Danmarksdemokraterne,195
Helsingørkredsen,1. Helsingør Hallen,Marlene Harpsøe,Danmarksdemokraterne,57
Helsingørkredsen,1. Helsingør Hallen,Lars Bregnbak,Danmarksdemokraterne,3
Helsingørkredsen,1. Helsingør Hallen,Lars Ole Skovgaard Larsen,Danmarksdemokraterne,6
Helsingørkredsen,1. Helsingør Hallen,Partiliste,Enhedslisten - De Rød-Grønne,297
Helsingørkredsen,1. Helsingør Hallen,Christoffer Emil Jexen,Enhedslisten - De Rød-Grønne,46
Helsingørkredsen,1. Helsingør Hallen,Sinem Demir,Enhedslisten - De Rød-Grønne,41
Helsingørkredsen,1. Helsingør Hallen,Øjvind Vilsholm,Enhedslisten - De Rød-Grønne,0
Helsingørkredsen,1. Helsingør Hallen,Thue Lundgaard,Enhedslisten - De Rød-Grønne,0
Helsingørkredsen,1. Helsingør Hallen,Annie Hagel,Enhedslisten - De Rød-Grønne,25
Helsingørkredsen,1. Helsingør Hallen,Emil Ulrik Andersen,Enhedslisten - De Rød-Grønne,10
Helsingørkredsen,1. Helsingør Hallen,Partiliste,Alternativet,196
Helsingørkredsen,1. Helsingør Hallen,Helene Liliendahl Brydensholt,Alternativet,53
Helsingørkredsen,1. Helsingør Hallen,Allon Hein Sørensen,Alternativet,13
Helsingørkredsen,1. Helsingør Hallen,Nanna Høyrup,Alternativet,7
Helsingørkredsen,1. Helsingør Hallen,Maud Margrethe Pedersen,Alternativet,7
Helsingørkredsen,1. Helsingør Hallen,Mette Skamris,Alternativet,17
Helsingørkredsen,1. Helsingør Hallen,Mariane Lunden,Alternativet,1
Helsingørkredsen,1. Helsingør Hallen,Sidsel Dyekjær,Alternativet,1
Helsingørkredsen,1. Helsingør Hallen,Mette Jeppesen,Alternativet,2
Helsingørkredsen,1. Helsingør Hallen,Nicklas Hakmann,Alternativet,2
Helsingørkredsen,1. Helsingør Hallen,Morten Hvidberg Greve,Alternativet,6
Helsingørkredsen,1. Helsingør Hallen,Katjalivah Elleyhansen,(Uden for parti),0
Helsingørkredsen,1. Helsingør Hallen,Jayseth Lotus Arrose Simonysano,(Uden for parti),7
Helsingørkredsen,2. Skolen ved Gurrevej,Partiliste,Socialdemokratiet,1122
Helsingørkredsen,2. Skolen ved Gurrevej,Henrik Møller,Socialdemokratiet,805
Helsingørkredsen,2. Skolen ved Gurrevej,Fie Hækkerup,Socialdemokratiet,55
Helsingørkredsen,2. Skolen ved Gurrevej,Miki Dam Larsen,Socialdemokratiet,21
Helsingørkredsen,2. Skolen ved Gurrevej,Louise Mehnke,Socialdemokratiet,63
Helsingørkredsen,2. Skolen ved Gurrevej,Matilde Powers,Socialdemokratiet,25
Helsingørkredsen,2. Skolen ved Gurrevej,Rasmus Stoklund,Socialdemokratiet,27
Helsingørkredsen,2. Skolen ved Gurrevej,Partiliste,Radikale Venstre,55
Helsingørkredsen,2. Skolen ved Gurrevej,Christian Holm Donatzky,Radikale Venstre,19
Helsingørkredsen,2. Skolen ved Gurrevej,Martin Lidegaard,Radikale Venstre,50
Helsingørkredsen,2. Skolen ved Gurrevej,Tine Hessner,Radikale Venstre,5
Helsingørkredsen,2. Skolen ved Gurrevej,Christina Thorholm,Radikale Venstre,9
Helsingørkredsen,2. Skolen ved Gurrevej,Jacob Netteberg,Radikale Venstre,4
Helsingørkredsen,2. Skolen ved Gurrevej,Maria Katarina Nielsen,Radikale Venstre,1
Helsingørkredsen,2. Skolen ved Gurrevej,Partiliste,Det Konservative Folkeparti,122
Helsingørkredsen,2. Skolen ved Gurrevej,Birgitte Bergman,Det Konservative Folkeparti,79
Helsingørkredsen,2. Skolen ved Gurrevej,Mette Abildgaard,Det Konservative Folkeparti,33
Helsingørkredsen,2. Skolen ved Gurrevej,Nikolaj Frederiksen,Det Konservative Folkeparti,3
Helsingørkredsen,2. Skolen ved Gurrevej,Emma Juul Hansen,Det Konservative Folkeparti,12
Helsingørkredsen,2. Skolen ved Gurrevej,Egil Hulgaard,Det Konservative Folkeparti,1
Helsingørkredsen,2. Skolen ved Gurrevej,Christoffer Buster Reinhardt,Det Konservative Folkeparti,7
Helsingørkredsen,2. Skolen ved Gurrevej,Niels Martin Viuff,Det Konservative Folkeparti,9
Helsingørkredsen,2. Skolen ved Gurrevej,Partiliste,Nye Borgerlige,159
Helsingørkredsen,2. Skolen ved Gurrevej,Mette Thiesen,Nye Borgerlige,105
Helsingørkredsen,2. Skolen ved Gurrevej,Per Olsen,Nye Borgerlige,17
Helsingørkredsen,2. Skolen ved Gurrevej,Claus Bruncke,Nye Borgerlige,1
Helsingørkredsen,2. Skolen ved Gurrevej,Søren Højbjerg,Nye Borgerlige,3
Helsingørkredsen,2. Skolen ved Gurrevej,Søren Regenberg,Nye Borgerlige,1
Helsingørkredsen,2. Skolen ved Gurrevej,Carsten Winther,Nye Borgerlige,1
Helsingørkredsen,2. Skolen ved Gurrevej,Partiliste,SF - Socialistisk Folkeparti,300
Helsingørkredsen,2. Skolen ved Gurrevej,Peter Westermann,SF - Socialistisk Folkeparti,44
Helsingørkredsen,2. Skolen ved Gurrevej,Marianne Bigum,SF - Socialistisk Folkeparti,55
Helsingørkredsen,2. Skolen ved Gurrevej,Marianne Stannum,SF - Socialistisk Folkeparti,10
Helsingørkredsen,2. Skolen ved Gurrevej,Silje Brynildsen,SF - Socialistisk Folkeparti,17
Helsingørkredsen,2. Skolen ved Gurrevej,Jens Skov,SF - Socialistisk Folkeparti,1
Helsingørkredsen,2. Skolen ved Gurrevej,Stefan B. Skrubbeltrang,SF - Socialistisk Folkeparti,10
Helsingørkredsen,2. Skolen ved Gurrevej,Partiliste,Liberal Alliance,254
Helsingørkredsen,2. Skolen ved Gurrevej,Steffen W. Frølund,Liberal Alliance,17
Helsingørkredsen,2. Skolen ved Gurrevej,Kim Bjørnstrup,Liberal Alliance,11
Helsingørkredsen,2. Skolen ved Gurrevej,Lars Høyer Holmqvist,Liberal Alliance,7
Helsingørkredsen,2. Skolen ved Gurrevej,Steffen Sjørslev,Liberal Alliance,0
Helsingørkredsen,2. Skolen ved Gurrevej,Marianne Porsborg,Liberal Alliance,0
Helsingørkredsen,2. Skolen ved Gurrevej,Robert Mørck,Liberal Alliance,0
Helsingørkredsen,2. Skolen ved Gurrevej,Kira Danholm,Liberal Alliance,7
Helsingørkredsen,2. Skolen ved Gurrevej,Josephine Svane,Liberal Alliance,9
Helsingørkredsen,2. Skolen ved Gurrevej,Partiliste,KD - Kristendemokraterne,13
Helsingørkredsen,2. Skolen ved Gurrevej,Henrik Forsberg,KD - Kristendemokraterne,0
Helsingørkredsen,2. Skolen ved Gurrevej,Stig Grenov,KD - Kristendemokraterne,2
Helsingørkredsen,2. Skolen ved Gurrevej,Britta Kristensen,KD - Kristendemokraterne,0
Helsingørkredsen,2. Skolen ved Gurrevej,Kurt Pedersen,KD - Kristendemokraterne,0
Helsingørkredsen,2. Skolen ved Gurrevej,Eva Skade Rasmussen,KD - Kristendemokraterne,2
Helsingørkredsen,2. Skolen ved Gurrevej,Partiliste,Moderaterne,304
Helsingørkredsen,2. Skolen ved Gurrevej,Jakob Engel-Schmidt,Moderaterne,49
Helsingørkredsen,2. Skolen ved Gurrevej,Carina Bloch Simonsen,Moderaterne,21
Helsingørkredsen,2. Skolen ved Gurrevej,Erick Thürmer,Moderaterne,7
Helsingørkredsen,2. Skolen ved Gurrevej,Kim Rasmussen,Moderaterne,3
Helsingørkredsen,2. Skolen ved Gurrevej,Kim Mejnert Frydensbjerg,Moderaterne,0
Helsingørkredsen,2. Skolen ved Gurrevej,Ulf Helgstrand,Moderaterne,3
Helsingørkredsen,2. Skolen ved Gurrevej,Partiliste,Dansk Folkeparti,140
Helsingørkredsen,2. Skolen ved Gurrevej,Gert Løfgren,Dansk Folkeparti,9
Helsingørkredsen,2. Skolen ved Gurrevej,Christian Sødergren,Dansk Folkeparti,3
Helsingørkredsen,2. Skolen ved Gurrevej,Pia Adelsteen,Dansk Folkeparti,7
Helsingørkredsen,2. Skolen ved Gurrevej,Brian Lyck Jørgensen,Dansk Folkeparti,7
Helsingørkredsen,2. Skolen ved Gurrevej,Birgitte Milling,Dansk Folkeparti,5
Helsingørkredsen,2. Skolen ved Gurrevej,Partiliste,Frie Grønne,76
Helsingørkredsen,2. Skolen ved Gurrevej,Lars Oskan-Henriksen,Frie Grønne,10
Helsingørkredsen,2. Skolen ved Gurrevej,Clara Rebecca Svarc,Frie Grønne,17
Helsingørkredsen,2. Skolen ved Gurrevej,Partiliste,"Venstre, Danmarks Liberale Parti",209
Helsingørkredsen,2. Skolen ved Gurrevej,Mette Lene Jensen,"Venstre, Danmarks Liberale Parti",61
Helsingørkredsen,2. Skolen ved Gurrevej,Hans Andersen,"Venstre, Danmarks Liberale Parti",35
Helsingørkredsen,2. Skolen ved Gurrevej,Jørgen Eirfeldt,"Venstre, Danmarks Liberale Parti",1
Helsingørkredsen,2. Skolen ved Gurrevej,Thomas Elong,"Venstre, Danmarks Liberale Parti",15
Helsingørkredsen,2. Skolen ved Gurrevej,Marianne Lynghøj,"Venstre, Danmarks Liberale Parti",15
Helsingørkredsen,2. Skolen ved Gurrevej,Sophie Løhde,"Venstre, Danmarks Liberale Parti",94
Helsingørkredsen,2. Skolen ved Gurrevej,Partiliste,Danmarksdemokraterne,248
Helsingørkredsen,2. Skolen ved Gurrevej,Marlene Harpsøe,Danmarksdemokraterne,74
Helsingørkredsen,2. Skolen ved Gurrevej,Lars Bregnbak,Danmarksdemokraterne,2
Helsingørkredsen,2. Skolen ved Gurrevej,Lars Ole Skovgaard Larsen,Danmarksdemokraterne,4
Helsingørkredsen,2. Skolen ved Gurrevej,Partiliste,Enhedslisten - De Rød-Grønne,215
Helsingørkredsen,2. Skolen ved Gurrevej,Christoffer Emil Jexen,Enhedslisten - De Rød-Grønne,33
Helsingørkredsen,2. Skolen ved Gurrevej,Sinem Demir,Enhedslisten - De Rød-Grønne,32
Helsingørkredsen,2. Skolen ved Gurrevej,Øjvind Vilsholm,Enhedslisten - De Rød-Grønne,2
Helsingørkredsen,2. Skolen ved Gurrevej,Thue Lundgaard,Enhedslisten - De Rød-Grønne,5
Helsingørkredsen,2. Skolen ved Gurrevej,Annie Hagel,Enhedslisten - De Rød-Grønne,8
Helsingørkredsen,2. Skolen ved Gurrevej,Emil Ulrik Andersen,Enhedslisten - De Rød-Grønne,4
Helsingørkredsen,2. Skolen ved Gurrevej,Partiliste,Alternativet,107
Helsingørkredsen,2. Skolen ved Gurrevej,Helene Liliendahl Brydensholt,Alternativet,30
Helsingørkredsen,2. Skolen ved Gurrevej,Allon Hein Sørensen,Alternativet,8
Helsingørkredsen,2. Skolen ved Gurrevej,Nanna Høyrup,Alternativet,6
Helsingørkredsen,2. Skolen ved Gurrevej,Maud Margrethe Pedersen,Alternativet,1
Helsingørkredsen,2. Skolen ved Gurrevej,Mette Skamris,Alternativet,12
Helsingørkredsen,2. Skolen ved Gurrevej,Mariane Lunden,Alternativet,0
Helsingørkredsen,2. Skolen ved Gurrevej,Sidsel Dyekjær,Alternativet,0
Helsingørkredsen,2. Skolen ved Gurrevej,Mette Jeppesen,Alternativet,2
Helsingørkredsen,2. Skolen ved Gurrevej,Nicklas Hakmann,Alternativet,0
Helsingørkredsen,2. Skolen ved Gurrevej,Morten Hvidberg Greve,Alternativet,4
Helsingørkredsen,2. Skolen ved Gurrevej,Katjalivah Elleyhansen,(Uden for parti),0
Helsingørkredsen,2. Skolen ved Gurrevej,Jayseth Lotus Arrose Simonysano,(Uden for parti),7
Helsingørkredsen,"3. Laden, Gl. Vapnagård",Partiliste,Socialdemokratiet,641
Helsingørkredsen,"3. Laden, Gl. Vapnagård",Henrik Møller,Socialdemokratiet,453
Helsingørkredsen,"3. Laden, Gl. Vapnagård",Fie Hækkerup,Socialdemokratiet,46
Helsingørkredsen,"3. Laden, Gl. Vapnagård",Miki Dam Larsen,Socialdemokratiet,13
Helsingørkredsen,"3. Laden, Gl. Vapnagård",Louise Mehnke,Socialdemokratiet,40
Helsingørkredsen,"3. Laden, Gl. Vapnagård",Matilde Powers,Socialdemokratiet,14
Helsingørkredsen,"3. Laden, Gl. Vapnagård",Rasmus Stoklund,Socialdemokratiet,19
Helsingørkredsen,"3. Laden, Gl. Vapnagård",Partiliste,Radikale Venstre,51
Helsingørkredsen,"3. Laden, Gl. Vapnagård",Christian Holm Donatzky,Radikale Venstre,23
Helsingørkredsen,"3. Laden, Gl. Vapnagård",Martin Lidegaard,Radikale Venstre,71
Helsingørkredsen,"3. Laden, Gl. Vapnagård",Tine Hessner,Radikale Venstre,2
Helsingørkredsen,"3. Laden, Gl. Vapnagård",Christina Thorholm,Radikale Venstre,9
Helsingørkredsen,"3. Laden, Gl. Vapnagård",Jacob Netteberg,Radikale Venstre,4
Helsingørkredsen,"3. Laden, Gl. Vapnagård",Maria Katarina Nielsen,Radikale Venstre,1
Helsingørkredsen,"3. Laden, Gl. Vapnagård",Partiliste,Det Konservative Folkeparti,126
Helsingørkredsen,"3. Laden, Gl. Vapnagård",Birgitte Bergman,Det Konservative Folkeparti,99
Helsingørkredsen,"3. Laden, Gl. Vapnagård",Mette Abildgaard,Det Konservative Folkeparti,26
Helsingørkredsen,"3. Laden, Gl. Vapnagård",Nikolaj Frederiksen,Det Konservative Folkeparti,2
Helsingørkredsen,"3. Laden, Gl. Vapnagård",Emma Juul Hansen,Det Konservative Folkeparti,14
Helsingørkredsen,"3. Laden, Gl. Vapnagård",Egil Hulgaard,Det Konservative Folkeparti,0
Helsingørkredsen,"3. Laden, Gl. Vapnagård",Christoffer Buster Reinhardt,Det Konservative Folkeparti,5
Helsingørkredsen,"3. Laden, Gl. Vapnagård",Niels Martin Viuff,Det Konservative Folkeparti,2
Helsingørkredsen,"3. Laden, Gl. Vapnagård",Partiliste,Nye Borgerlige,109
Helsingørkredsen,"3. Laden, Gl. Vapnagård",Mette Thiesen,Nye Borgerlige,78
Helsingørkredsen,"3. Laden, Gl. Vapnagård",Per Olsen,Nye Borgerlige,7
Helsingørkredsen,"3. Laden, Gl. Vapnagård",Claus Bruncke,Nye Borgerlige,1
Helsingørkredsen,"3. Laden, Gl. Vapnagård",Søren Højbjerg,Nye Borgerlige,2
Helsingørkredsen,"3. Laden, Gl. Vapnagård",Søren Regenberg,Nye Borgerlige,1
Helsingørkredsen,"3. Laden, Gl. Vapnagård",Carsten Winther,Nye Borgerlige,3
Helsingørkredsen,"3. Laden, Gl. Vapnagård",Partiliste,SF - Socialistisk Folkeparti,212
Helsingørkredsen,"3. Laden, Gl. Vapnagård",Peter Westermann,SF - Socialistisk Folkeparti,29
Helsingørkredsen,"3. Laden, Gl. Vapnagård",Marianne Bigum,SF - Socialistisk Folkeparti,55
Helsingørkredsen,"3. Laden, Gl. Vapnagård",Marianne Stannum,SF - Socialistisk Folkeparti,3
Helsingørkredsen,"3. Laden, Gl. Vapnagård",Silje Brynildsen,SF - Socialistisk Folkeparti,13
Helsingørkredsen,"3. Laden, Gl. Vapnagård",Jens Skov,SF - Socialistisk Folkeparti,2
Helsingørkredsen,"3. Laden, Gl. Vapnagård",Stefan B. Skrubbeltrang,SF - Socialistisk Folkeparti,7
Helsingørkredsen,"3. Laden, Gl. Vapnagård",Partiliste,Liberal Alliance,244
Helsingørkredsen,"3. Laden, Gl. Vapnagård",Steffen W. Frølund,Liberal Alliance,22
Helsingørkredsen,"3. Laden, Gl. Vapnagård",Kim Bjørnstrup,Liberal Alliance,6
Helsingørkredsen,"3. Laden, Gl. Vapnagård",Lars Høyer Holmqvist,Liberal Alliance,15
Helsingørkredsen,"3. Laden, Gl. Vapnagård",Steffen Sjørslev,Liberal Alliance,1
Helsingørkredsen,"3. Laden, Gl. Vapnagård",Marianne Porsborg,Liberal Alliance,4
Helsingørkredsen,"3. Laden, Gl. Vapnagård",Robert Mørck,Liberal Alliance,1
Helsingørkredsen,"3. Laden, Gl. Vapnagård",Kira Danholm,Liberal Alliance,7
Helsingørkredsen,"3. Laden, Gl. Vapnagård",Josephine Svane,Liberal Alliance,4
Helsingørkredsen,"3. Laden, Gl. Vapnagård",Partiliste,KD - Kristendemokraterne,8
Helsingørkredsen,"3. Laden, Gl. Vapnagård",Henrik Forsberg,KD - Kristendemokraterne,0
Helsingørkredsen,"3. Laden, Gl. Vapnagård",Stig Grenov,KD - Kristendemokraterne,0
Helsingørkredsen,"3. Laden, Gl. Vapnagård",Britta Kristensen,KD - Kristendemokraterne,0
Helsingørkredsen,"3. Laden, Gl. Vapnagård",Kurt Pedersen,KD - Kristendemokraterne,0
Helsingørkredsen,"3. Laden, Gl. Vapnagård",Eva Skade Rasmussen,KD - Kristendemokraterne,1
Helsingørkredsen,"3. Laden, Gl. Vapnagård",Partiliste,Moderaterne,295
Helsingørkredsen,"3. Laden, Gl. Vapnagård",Jakob Engel-Schmidt,Moderaterne,31
Helsingørkredsen,"3. Laden, Gl. Vapnagård",Carina Bloch Simonsen,Moderaterne,30
Helsingørkredsen,"3. Laden, Gl. Vapnagård",Erick Thürmer,Moderaterne,6
Helsingørkredsen,"3. Laden, Gl. Vapnagård",Kim Rasmussen,Moderaterne,2
Helsingørkredsen,"3. Laden, Gl. Vapnagård",Kim Mejnert Frydensbjerg,Moderaterne,2
Helsingørkredsen,"3. Laden, Gl. Vapnagård",Ulf Helgstrand,Moderaterne,2
Helsingørkredsen,"3. Laden, Gl. Vapnagård",Partiliste,Dansk Folkeparti,90
Helsingørkredsen,"3. Laden, Gl. Vapnagård",Gert Løfgren,Dansk Folkeparti,11
Helsingørkredsen,"3. Laden, Gl. Vapnagård",Christian Sødergren,Dansk Folkeparti,10
Helsingørkredsen,"3. Laden, Gl. Vapnagård",Pia Adelsteen,Dansk Folkeparti,8
Helsingørkredsen,"3. Laden, Gl. Vapnagård",Brian Lyck Jørgensen,Dansk Folkeparti,3
Helsingørkredsen,"3. Laden, Gl. Vapnagård",Birgitte Milling,Dansk Folkeparti,4
Helsingørkredsen,"3. Laden, Gl. Vapnagård",Partiliste,Frie Grønne,136
Helsingørkredsen,"3. Laden, Gl. Vapnagård",Lars Oskan-Henriksen,Frie Grønne,25
Helsingørkredsen,"3. Laden, Gl. Vapnagård",Clara Rebecca Svarc,Frie Grønne,28
Helsingørkredsen,"3. Laden, Gl. Vapnagård",Partiliste,"Venstre, Danmarks Liberale Parti",187
Helsingørkredsen,"3. Laden, Gl. Vapnagård",Mette Lene Jensen,"Venstre, Danmarks Liberale Parti",39
Helsingørkredsen,"3. Laden, Gl. Vapnagård",Hans Andersen,"Venstre, Danmarks Liberale Parti",13
Helsingørkredsen,"3. Laden, Gl. Vapnagård",Jørgen Eirfeldt,"Venstre, Danmarks Liberale Parti",0
Helsingørkredsen,"3. Laden, Gl. Vapnagård",Thomas Elong,"Venstre, Danmarks Liberale Parti",6
Helsingørkredsen,"3. Laden, Gl. Vapnagård",Marianne Lynghøj,"Venstre, Danmarks Liberale Parti",10
Helsingørkredsen,"3. Laden, Gl. Vapnagård",Sophie Løhde,"Venstre, Danmarks Liberale Parti",78
Helsingørkredsen,"3. Laden, Gl. Vapnagård",Partiliste,Danmarksdemokraterne,144
Helsingørkredsen,"3. Laden, Gl. Vapnagård",Marlene Harpsøe,Danmarksdemokraterne,53
Helsingørkredsen,"3. Laden, Gl. Vapnagård",Lars Bregnbak,Danmarksdemokraterne,6
Helsingørkredsen,"3. Laden, Gl. Vapnagård",Lars Ole Skovgaard Larsen,Danmarksdemokraterne,0
Helsingørkredsen,"3. Laden, Gl. Vapnagård",Partiliste,Enhedslisten - De Rød-Grønne,192
Helsingørkredsen,"3. Laden, Gl. Vapnagård",Christoffer Emil Jexen,Enhedslisten - De Rød-Grønne,18
Helsingørkredsen,"3. Laden, Gl. Vapnagård",Sinem Demir,Enhedslisten - De Rød-Grønne,46
Helsingørkredsen,"3. Laden, Gl. Vapnagård",Øjvind Vilsholm,Enhedslisten - De Rød-Grønne,2
Helsingørkredsen,"3. Laden, Gl. Vapnagård",Thue Lundgaard,Enhedslisten - De Rød-Grønne,4
Helsingørkredsen,"3. Laden, Gl. Vapnagård",Annie Hagel,Enhedslisten - De Rød-Grønne,7
Helsingørkredsen,"3. Laden, Gl. Vapnagård",Emil Ulrik Andersen,Enhedslisten - De Rød-Grønne,5
Helsingørkredsen,"3. Laden, Gl. Vapnagård",Partiliste,Alternativet,102
Helsingørkredsen,"3. Laden, Gl. Vapnagård",Helene Liliendahl Brydensholt,Alternativet,28
Helsingørkredsen,"3. Laden, Gl. Vapnagård",Allon Hein Sørensen,Alternativet,4
Helsingørkredsen,"3. Laden, Gl. Vapnagård",Nanna Høyrup,Alternativet,3
Helsingørkredsen,"3. Laden, Gl. Vapnagård",Maud Margrethe Pedersen,Alternativet,1
Helsingørkredsen,"3. Laden, Gl. Vapnagård",Mette Skamris,Alternativet,8
Helsingørkredsen,"3. Laden, Gl. Vapnagård",Mariane Lunden,Alternativet,1
Helsingørkredsen,"3. Laden, Gl. Vapnagård",Sidsel Dyekjær,Alternativet,1
Helsingørkredsen,"3. Laden, Gl. Vapnagård",Mette Jeppesen,Alternativet,3
Helsingørkredsen,"3. Laden, Gl. Vapnagård",Nicklas Hakmann,Alternativet,3
Helsingørkredsen,"3. Laden, Gl. Vapnagård",Morten Hvidberg Greve,Alternativet,4
Helsingørkredsen,"3. Laden, Gl. Vapnagård",Katjalivah Elleyhansen,(Uden for parti),2
Helsingørkredsen,"3. Laden, Gl. Vapnagård",Jayseth Lotus Arrose Simonysano,(Uden for parti),1
Helsingørkredsen,4. Bølgen,Partiliste,Socialdemokratiet,560
Helsingørkredsen,4. Bølgen,Henrik Møller,Socialdemokratiet,268
Helsingørkredsen,4. Bølgen,Fie Hækkerup,Socialdemokratiet,41
Helsingørkredsen,4. Bølgen,Miki Dam Larsen,Socialdemokratiet,11
Helsingørkredsen,4. Bølgen,Louise Mehnke,Socialdemokratiet,32
Helsingørkredsen,4. Bølgen,Matilde Powers,Socialdemokratiet,17
Helsingørkredsen,4. Bølgen,Rasmus Stoklund,Socialdemokratiet,15
Helsingørkredsen,4. Bølgen,Partiliste,Radikale Venstre,43
Helsingørkredsen,4. Bølgen,Christian Holm Donatzky,Radikale Venstre,14
Helsingørkredsen,4. Bølgen,Martin Lidegaard,Radikale Venstre,87
Helsingørkredsen,4. Bølgen,Tine Hessner,Radikale Venstre,1
Helsingørkredsen,4. Bølgen,Christina Thorholm,Radikale Venstre,10
Helsingørkredsen,4. Bølgen,Jacob Netteberg,Radikale Venstre,0
Helsingørkredsen,4. Bølgen,Maria Katarina Nielsen,Radikale Venstre,5
Helsingørkredsen,4. Bølgen,Partiliste,Det Konservative Folkeparti,184
Helsingørkredsen,4. Bølgen,Birgitte Bergman,Det Konservative Folkeparti,145
Helsingørkredsen,4. Bølgen,Mette Abildgaard,Det Konservative Folkeparti,41
Helsingørkredsen,4. Bølgen,Nikolaj Frederiksen,Det Konservative Folkeparti,2
Helsingørkredsen,4. Bølgen,Emma Juul Hansen,Det Konservative Folkeparti,7
Helsingørkredsen,4. Bølgen,Egil Hulgaard,Det Konservative Folkeparti,5
Helsingørkredsen,4. Bølgen,Christoffer Buster Reinhardt,Det Konservative Folkeparti,6
Helsingørkredsen,4. Bølgen,Niels Martin Viuff,Det Konservative Folkeparti,5
Helsingørkredsen,4. Bølgen,Partiliste,Nye Borgerlige,104
Helsingørkredsen,4. Bølgen,Mette Thiesen,Nye Borgerlige,51
Helsingørkredsen,4. Bølgen,Per Olsen,Nye Borgerlige,6
Helsingørkredsen,4. Bølgen,Claus Bruncke,Nye Borgerlige,0
Helsingørkredsen,4. Bølgen,Søren Højbjerg,Nye Borgerlige,2
Helsingørkredsen,4. Bølgen,Søren Regenberg,Nye Borgerlige,0
Helsingørkredsen,4. Bølgen,Carsten Winther,Nye Borgerlige,0
Helsingørkredsen,4. Bølgen,Partiliste,SF - Socialistisk Folkeparti,198
Helsingørkredsen,4. Bølgen,Peter Westermann,SF - Socialistisk Folkeparti,29
Helsingørkredsen,4. Bølgen,Marianne Bigum,SF - Socialistisk Folkeparti,40
Helsingørkredsen,4. Bølgen,Marianne Stannum,SF - Socialistisk Folkeparti,9
Helsingørkredsen,4. Bølgen,Silje Brynildsen,SF - Socialistisk Folkeparti,13
Helsingørkredsen,4. Bølgen,Jens Skov,SF - Socialistisk Folkeparti,2
Helsingørkredsen,4. Bølgen,Stefan B. Skrubbeltrang,SF - Socialistisk Folkeparti,5
Helsingørkredsen,4. Bølgen,Partiliste,Liberal Alliance,301
Helsingørkredsen,4. Bølgen,Steffen W. Frølund,Liberal Alliance,17
Helsingørkredsen,4. Bølgen,Kim Bjørnstrup,Liberal Alliance,7
Helsingørkredsen,4. Bølgen,Lars Høyer Holmqvist,Liberal Alliance,31
Helsingørkredsen,4. Bølgen,Steffen Sjørslev,Liberal Alliance,0
Helsingørkredsen,4. Bølgen,Marianne Porsborg,Liberal Alliance,8
Helsingørkredsen,4. Bølgen,Robert Mørck,Liberal Alliance,1
Helsingørkredsen,4. Bølgen,Kira Danholm,Liberal Alliance,5
Helsingørkredsen,4. Bølgen,Josephine Svane,Liberal Alliance,6
Helsingørkredsen,4. Bølgen,Partiliste,KD - Kristendemokraterne,10
Helsingørkredsen,4. Bølgen,Henrik Forsberg,KD - Kristendemokraterne,0
Helsingørkredsen,4. Bølgen,Stig Grenov,KD - Kristendemokraterne,0
Helsingørkredsen,4. Bølgen,Britta Kristensen,KD - Kristendemokraterne,1
Helsingørkredsen,4. Bølgen,Kurt Pedersen,KD - Kristendemokraterne,0
Helsingørkredsen,4. Bølgen,Eva Skade Rasmussen,KD - Kristendemokraterne,0
Helsingørkredsen,4. Bølgen,Partiliste,Moderaterne,407
Helsingørkredsen,4. Bølgen,Jakob Engel-Schmidt,Moderaterne,58
Helsingørkredsen,4. Bølgen,Carina Bloch Simonsen,Moderaterne,28
Helsingørkredsen,4. Bølgen,Erick Thürmer,Moderaterne,13
Helsingørkredsen,4. Bølgen,Kim Rasmussen,Moderaterne,2
Helsingørkredsen,4. Bølgen,Kim Mejnert Frydensbjerg,Moderaterne,2
Helsingørkredsen,4. Bølgen,Ulf Helgstrand,Moderaterne,4
Helsingørkredsen,4. Bølgen,Partiliste,Dansk Folkeparti,101
Helsingørkredsen,4. Bølgen,Gert Løfgren,Dansk Folkeparti,9
Helsingørkredsen,4. Bølgen,Christian Sødergren,Dansk Folkeparti,2
Helsingørkredsen,4. Bølgen,Pia Adelsteen,Dansk Folkeparti,4
Helsingørkredsen,4. Bølgen,Brian Lyck Jørgensen,Dansk Folkeparti,0
Helsingørkredsen,4. Bølgen,Birgitte Milling,Dansk Folkeparti,0
Helsingørkredsen,4. Bølgen,Partiliste,Frie Grønne,7
Helsingørkredsen,4. Bølgen,Lars Oskan-Henriksen,Frie Grønne,3
Helsingørkredsen,4. Bølgen,Clara Rebecca Svarc,Frie Grønne,0
Helsingørkredsen,4. Bølgen,Partiliste,"Venstre, Danmarks Liberale Parti",257
Helsingørkredsen,4. Bølgen,Mette Lene Jensen,"Venstre, Danmarks Liberale Parti",59
Helsingørkredsen,4. Bølgen,Hans Andersen,"Venstre, Danmarks Liberale Parti",38
Helsingørkredsen,4. Bølgen,Jørgen Eirfeldt,"Venstre, Danmarks Liberale Parti",1
Helsingørkredsen,4. Bølgen,Thomas Elong,"Venstre, Danmarks Liberale Parti",4
Helsingørkredsen,4. Bølgen,Marianne Lynghøj,"Venstre, Danmarks Liberale Parti",9
Helsingørkredsen,4. Bølgen,Sophie Løhde,"Venstre, Danmarks Liberale Parti",121
Helsingørkredsen,4. Bølgen,Partiliste,Danmarksdemokraterne,137
Helsingørkredsen,4. Bølgen,Marlene Harpsøe,Danmarksdemokraterne,43
Helsingørkredsen,4. Bølgen,Lars Bregnbak,Danmarksdemokraterne,1
Helsingørkredsen,4. Bølgen,Lars Ole Skovgaard Larsen,Danmarksdemokraterne,1
Helsingørkredsen,4. Bølgen,Partiliste,Enhedslisten - De Rød-Grønne,110
Helsingørkredsen,4. Bølgen,Christoffer Emil Jexen,Enhedslisten - De Rød-Grønne,13
Helsingørkredsen,4. Bølgen,Sinem Demir,Enhedslisten - De Rød-Grønne,21
Helsingørkredsen,4. Bølgen,Øjvind Vilsholm,Enhedslisten - De Rød-Grønne,0
Helsingørkredsen,4. Bølgen,Thue Lundgaard,Enhedslisten - De Rød-Grønne,5
Helsingørkredsen,4. Bølgen,Annie Hagel,Enhedslisten - De Rød-Grønne,7
Helsingørkredsen,4. Bølgen,Emil Ulrik Andersen,Enhedslisten - De Rød-Grønne,1
Helsingørkredsen,4. Bølgen,Partiliste,Alternativet,122
Helsingørkredsen,4. Bølgen,Helene Liliendahl Brydensholt,Alternativet,19
Helsingørkredsen,4. Bølgen,Allon Hein Sørensen,Alternativet,6
Helsingørkredsen,4. Bølgen,Nanna Høyrup,Alternativet,4
Helsingørkredsen,4. Bølgen,Maud Margrethe Pedersen,Alternativet,3
Helsingørkredsen,4. Bølgen,Mette Skamris,Alternativet,5
Helsingørkredsen,4. Bølgen,Mariane Lunden,Alternativet,1
Helsingørkredsen,4. Bølgen,Sidsel Dyekjær,Alternativet,0
Helsingørkredsen,4. Bølgen,Mette Jeppesen,Alternativet,2
Helsingørkredsen,4. Bølgen,Nicklas Hakmann,Alternativet,3
Helsingørkredsen,4. Bølgen,Morten Hvidberg Greve,Alternativet,9
Helsingørkredsen,4. Bølgen,Katjalivah Elleyhansen,(Uden for parti),0
Helsingørkredsen,4. Bølgen,Jayseth Lotus Arrose Simonysano,(Uden for parti),3
Helsingørkredsen,5. Hornbæk Skole,Partiliste,Socialdemokratiet,575
Helsingørkredsen,5. Hornbæk Skole,Henrik Møller,Socialdemokratiet,190
Helsingørkredsen,5. Hornbæk Skole,Fie Hækkerup,Socialdemokratiet,35
Helsingørkredsen,5. Hornbæk Skole,Miki Dam Larsen,Socialdemokratiet,8
Helsingørkredsen,5. Hornbæk Skole,Louise Mehnke,Socialdemokratiet,34
Helsingørkredsen,5. Hornbæk Skole,Matilde Powers,Socialdemokratiet,14
Helsingørkredsen,5. Hornbæk Skole,Rasmus Stoklund,Socialdemokratiet,15
Helsingørkredsen,5. Hornbæk Skole,Partiliste,Radikale Venstre,52
Helsingørkredsen,5. Hornbæk Skole,Christian Holm Donatzky,Radikale Venstre,22
Helsingørkredsen,5. Hornbæk Skole,Martin Lidegaard,Radikale Venstre,73
Helsingørkredsen,5. Hornbæk Skole,Tine Hessner,Radikale Venstre,4
Helsingørkredsen,5. Hornbæk Skole,Christina Thorholm,Radikale Venstre,8
Helsingørkredsen,5. Hornbæk Skole,Jacob Netteberg,Radikale Venstre,2
Helsingørkredsen,5. Hornbæk Skole,Maria Katarina Nielsen,Radikale Venstre,1
Helsingørkredsen,5. Hornbæk Skole,Partiliste,Det Konservative Folkeparti,131
Helsingørkredsen,5. Hornbæk Skole,Birgitte Bergman,Det Konservative Folkeparti,103
Helsingørkredsen,5. Hornbæk Skole,Mette Abildgaard,Det Konservative Folkeparti,54
Helsingørkredsen,5. Hornbæk Skole,Nikolaj Frederiksen,Det Konservative Folkeparti,2
Helsingørkredsen,5. Hornbæk Skole,Emma Juul Hansen,Det Konservative Folkeparti,11
Helsingørkredsen,5. Hornbæk Skole,Egil Hulgaard,Det Konservative Folkeparti,1
Helsingørkredsen,5. Hornbæk Skole,Christoffer Buster Reinhardt,Det Konservative Folkeparti,1
Helsingørkredsen,5. Hornbæk Skole,Niels Martin Viuff,Det Konservative Folkeparti,3
Helsingørkredsen,5. Hornbæk Skole,Partiliste,Nye Borgerlige,83
Helsingørkredsen,5. Hornbæk Skole,Mette Thiesen,Nye Borgerlige,44
Helsingørkredsen,5. Hornbæk Skole,Per Olsen,Nye Borgerlige,4
Helsingørkredsen,5. Hornbæk Skole,Claus Bruncke,Nye Borgerlige,1
Helsingørkredsen,5. Hornbæk Skole,Søren Højbjerg,Nye Borgerlige,1
Helsingørkredsen,5. Hornbæk Skole,Søren Regenberg,Nye Borgerlige,0
Helsingørkredsen,5. Hornbæk Skole,Carsten Winther,Nye Borgerlige,0
Helsingørkredsen,5. Hornbæk Skole,Partiliste,SF - Socialistisk Folkeparti,155
Helsingørkredsen,5. Hornbæk Skole,Peter Westermann,SF - Socialistisk Folkeparti,24
Helsingørkredsen,5. Hornbæk Skole,Marianne Bigum,SF - Socialistisk Folkeparti,33
Helsingørkredsen,5. Hornbæk Skole,Marianne Stannum,SF - Socialistisk Folkeparti,2
Helsingørkredsen,5. Hornbæk Skole,Silje Brynildsen,SF - Socialistisk Folkeparti,9
Helsingørkredsen,5. Hornbæk Skole,Jens Skov,SF - Socialistisk Folkeparti,1
Helsingørkredsen,5. Hornbæk Skole,Stefan B. Skrubbeltrang,SF - Socialistisk Folkeparti,1
Helsingørkredsen,5. Hornbæk Skole,Partiliste,Liberal Alliance,287
Helsingørkredsen,5. Hornbæk Skole,Steffen W. Frølund,Liberal Alliance,19
Helsingørkredsen,5. Hornbæk Skole,Kim Bjørnstrup,Liberal Alliance,4
Helsingørkredsen,5. Hornbæk Skole,Lars Høyer Holmqvist,Liberal Alliance,11
Helsingørkredsen,5. Hornbæk Skole,Steffen Sjørslev,Liberal Alliance,0
Helsingørkredsen,5. Hornbæk Skole,Marianne Porsborg,Liberal Alliance,6
Helsingørkredsen,5. Hornbæk Skole,Robert Mørck,Liberal Alliance,3
Helsingørkredsen,5. Hornbæk Skole,Kira Danholm,Liberal Alliance,6
Helsingørkredsen,5. Hornbæk Skole,Josephine Svane,Liberal Alliance,1
Helsingørkredsen,5. Hornbæk Skole,Partiliste,KD - Kristendemokraterne,2
Helsingørkredsen,5. Hornbæk Skole,Henrik Forsberg,KD - Kristendemokraterne,0
Helsingørkredsen,5. Hornbæk Skole,Stig Grenov,KD - Kristendemokraterne,0
Helsingørkredsen,5. Hornbæk Skole,Britta Kristensen,KD - Kristendemokraterne,3
Helsingørkredsen,5. Hornbæk Skole,Kurt Pedersen,KD - Kristendemokraterne,0
Helsingørkredsen,5. Hornbæk Skole,Eva Skade Rasmussen,KD - Kristendemokraterne,1
Helsingørkredsen,5. Hornbæk Skole,Partiliste,Moderaterne,401
Helsingørkredsen,5. Hornbæk Skole,Jakob Engel-Schmidt,Moderaterne,57
Helsingørkredsen,5. Hornbæk Skole,Carina Bloch Simonsen,Moderaterne,45
Helsingørkredsen,5. Hornbæk Skole,Erick Thürmer,Moderaterne,13
Helsingørkredsen,5. Hornbæk Skole,Kim Rasmussen,Moderaterne,1
Helsingørkredsen,5. Hornbæk Skole,Kim Mejnert Frydensbjerg,Moderaterne,1
Helsingørkredsen,5. Hornbæk Skole,Ulf Helgstrand,Moderaterne,11
Helsingørkredsen,5. Hornbæk Skole,Partiliste,Dansk Folkeparti,83
Helsingørkredsen,5. Hornbæk Skole,Gert Løfgren,Dansk Folkeparti,4
Helsingørkredsen,5. Hornbæk Skole,Christian Sødergren,Dansk Folkeparti,2
Helsingørkredsen,5. Hornbæk Skole,Pia Adelsteen,Dansk Folkeparti,3
Helsingørkredsen,5. Hornbæk Skole,Brian Lyck Jørgensen,Dansk Folkeparti,0
Helsingørkredsen,5. Hornbæk Skole,Birgitte Milling,Dansk Folkeparti,3
Helsingørkredsen,5. Hornbæk Skole,Partiliste,Frie Grønne,2
Helsingørkredsen,5. Hornbæk Skole,Lars Oskan-Henriksen,Frie Grønne,1
Helsingørkredsen,5. Hornbæk Skole,Clara Rebecca Svarc,Frie Grønne,1
Helsingørkredsen,5. Hornbæk Skole,Partiliste,"Venstre, Danmarks Liberale Parti",259
Helsingørkredsen,5. Hornbæk Skole,Mette Lene Jensen,"Venstre, Danmarks Liberale Parti",34
Helsingørkredsen,5. Hornbæk Skole,Hans Andersen,"Venstre, Danmarks Liberale Parti",48
Helsingørkredsen,5. Hornbæk Skole,Jørgen Eirfeldt,"Venstre, Danmarks Liberale Parti",0
Helsingørkredsen,5. Hornbæk Skole,Thomas Elong,"Venstre, Danmarks Liberale Parti",10
Helsingørkredsen,5. Hornbæk Skole,Marianne Lynghøj,"Venstre, Danmarks Liberale Parti",5
Helsingørkredsen,5. Hornbæk Skole,Sophie Løhde,"Venstre, Danmarks Liberale Parti",111
Helsingørkredsen,5. Hornbæk Skole,Partiliste,Danmarksdemokraterne,148
Helsingørkredsen,5. Hornbæk Skole,Marlene Harpsøe,Danmarksdemokraterne,25
Helsingørkredsen,5. Hornbæk Skole,Lars Bregnbak,Danmarksdemokraterne,1
Helsingørkredsen,5. Hornbæk Skole,Lars Ole Skovgaard Larsen,Danmarksdemokraterne,3
Helsingørkredsen,5. Hornbæk Skole,Partiliste,Enhedslisten - De Rød-Grønne,93
Helsingørkredsen,5. Hornbæk Skole,Christoffer Emil Jexen,Enhedslisten - De Rød-Grønne,2
Helsingørkredsen,5. Hornbæk Skole,Sinem Demir,Enhedslisten - De Rød-Grønne,11
Helsingørkredsen,5. Hornbæk Skole,Øjvind Vilsholm,Enhedslisten - De Rød-Grønne,1
Helsingørkredsen,5. Hornbæk Skole,Thue Lundgaard,Enhedslisten - De Rød-Grønne,0
Helsingørkredsen,5. Hornbæk Skole,Annie Hagel,Enhedslisten - De Rød-Grønne,8
Helsingørkredsen,5. Hornbæk Skole,Emil Ulrik Andersen,Enhedslisten - De Rød-Grønne,2
Helsingørkredsen,5. Hornbæk Skole,Partiliste,Alternativet,104
Helsingørkredsen,5. Hornbæk Skole,Helene Liliendahl Brydensholt,Alternativet,31
Helsingørkredsen,5. Hornbæk Skole,Allon Hein Sørensen,Alternativet,1
Helsingørkredsen,5. Hornbæk Skole,Nanna Høyrup,Alternativet,4
Helsingørkredsen,5. Hornbæk Skole,Maud Margrethe Pedersen,Alternativet,2
Helsingørkredsen,5. Hornbæk Skole,Mette Skamris,Alternativet,6
Helsingørkredsen,5. Hornbæk Skole,Mariane Lunden,Alternativet,2
Helsingørkredsen,5. Hornbæk Skole,Sidsel Dyekjær,Alternativet,2
Helsingørkredsen,5. Hornbæk Skole,Mette Jeppesen,Alternativet,1
Helsingørkredsen,5. Hornbæk Skole,Nicklas Hakmann,Alternativet,2
Helsingørkredsen,5. Hornbæk Skole,Morten Hvidberg Greve,Alternativet,7
Helsingørkredsen,5. Hornbæk Skole,Katjalivah Elleyhansen,(Uden for parti),0
Helsingørkredsen,5. Hornbæk Skole,Jayseth Lotus Arrose Simonysano,(Uden for parti),5
Helsingørkredsen,6. Nygård Skole,Partiliste,Socialdemokratiet,113
Helsingørkredsen,6. Nygård Skole,Henrik Møller,Socialdemokratiet,48
Helsingørkredsen,6. Nygård Skole,Fie Hækkerup,Socialdemokratiet,8
Helsingørkredsen,6. Nygård Skole,Miki Dam Larsen,Socialdemokratiet,3
Helsingørkredsen,6. Nygård Skole,Louise Mehnke,Socialdemokratiet,6
Helsingørkredsen,6. Nygård Skole,Matilde Powers,Socialdemokratiet,2
Helsingørkredsen,6. Nygård Skole,Rasmus Stoklund,Socialdemokratiet,1
Helsingørkredsen,6. Nygård Skole,Partiliste,Radikale Venstre,16
Helsingørkredsen,6. Nygård Skole,Christian Holm Donatzky,Radikale Venstre,9
Helsingørkredsen,6. Nygård Skole,Martin Lidegaard,Radikale Venstre,20
Helsingørkredsen,6. Nygård Skole,Tine Hessner,Radikale Venstre,2
Helsingørkredsen,6. Nygård Skole,Christina Thorholm,Radikale Venstre,2
Helsingørkredsen,6. Nygård Skole,Jacob Netteberg,Radikale Venstre,0
Helsingørkredsen,6. Nygård Skole,Maria Katarina Nielsen,Radikale Venstre,0
Helsingørkredsen,6. Nygård Skole,Partiliste,Det Konservative Folkeparti,24
Helsingørkredsen,6. Nygård Skole,Birgitte Bergman,Det Konservative Folkeparti,21
Helsingørkredsen,6. Nygård Skole,Mette Abildgaard,Det Konservative Folkeparti,7
Helsingørkredsen,6. Nygård Skole,Nikolaj Frederiksen,Det Konservative Folkeparti,2
Helsingørkredsen,6. Nygård Skole,Emma Juul Hansen,Det Konservative Folkeparti,2
Helsingørkredsen,6. Nygård Skole,Egil Hulgaard,Det Konservative Folkeparti,1
Helsingørkredsen,6. Nygård Skole,Christoffer Buster Reinhardt,Det Konservative Folkeparti,3
Helsingørkredsen,6. Nygård Skole,Niels Martin Viuff,Det Konservative Folkeparti,1
Helsingørkredsen,6. Nygård Skole,Partiliste,Nye Borgerlige,41
Helsingørkredsen,6. Nygård Skole,Mette Thiesen,Nye Borgerlige,28
Helsingørkredsen,6. Nygård Skole,Per Olsen,Nye Borgerlige,1
Helsingørkredsen,6. Nygård Skole,Claus Bruncke,Nye Borgerlige,0
Helsingørkredsen,6. Nygård Skole,Søren Højbjerg,Nye Borgerlige,0
Helsingørkredsen,6. Nygård Skole,Søren Regenberg,Nye Borgerlige,1
Helsingørkredsen,6. Nygård Skole,Carsten Winther,Nye Borgerlige,3
Helsingørkredsen,6. Nygård Skole,Partiliste,SF - Socialistisk Folkeparti,38
Helsingørkredsen,6. Nygård Skole,Peter Westermann,SF - Socialistisk Folkeparti,0
Helsingørkredsen,6. Nygård Skole,Marianne Bigum,SF - Socialistisk Folkeparti,5
Helsingørkredsen,6. Nygård Skole,Marianne Stannum,SF - Socialistisk Folkeparti,1
Helsingørkredsen,6. Nygård Skole,Silje Brynildsen,SF - Socialistisk Folkeparti,2
Helsingørkredsen,6. Nygård Skole,Jens Skov,SF - Socialistisk Folkeparti,0
Helsingørkredsen,6. Nygård Skole,Stefan B. Skrubbeltrang,SF - Socialistisk Folkeparti,1
Helsingørkredsen,6. Nygård Skole,Partiliste,Liberal Alliance,66
Helsingørkredsen,6. Nygård Skole,Steffen W. Frølund,Liberal Alliance,1
Helsingørkredsen,6. Nygård Skole,Kim Bjørnstrup,Liberal Alliance,5
Helsingørkredsen,6. Nygård Skole,Lars Høyer Holmqvist,Liberal Alliance,4
Helsingørkredsen,6. Nygård Skole,Steffen Sjørslev,Liberal Alliance,0
Helsingørkredsen,6. Nygård Skole,Marianne Porsborg,Liberal Alliance,2
Helsingørkredsen,6. Nygård Skole,Robert Mørck,Liberal Alliance,1
Helsingørkredsen,6. Nygård Skole,Kira Danholm,Liberal Alliance,0
Helsingørkredsen,6. Nygård Skole,Josephine Svane,Liberal Alliance,1
Helsingørkredsen,6. Nygård Skole,Partiliste,KD - Kristendemokraterne,4
Helsingørkredsen,6. Nygård Skole,Henrik Forsberg,KD - Kristendemokraterne,0
Helsingørkredsen,6. Nygård Skole,Stig Grenov,KD - Kristendemokraterne,0
Helsingørkredsen,6. Nygård Skole,Britta Kristensen,KD - Kristendemokraterne,0
Helsingørkredsen,6. Nygård Skole,Kurt Pedersen,KD - Kristendemokraterne,0
Helsingørkredsen,6. Nygård Skole,Eva Skade Rasmussen,KD - Kristendemokraterne,0
Helsingørkredsen,6. Nygård Skole,Partiliste,Moderaterne,91
Helsingørkredsen,6. Nygård Skole,Jakob Engel-Schmidt,Moderaterne,12
Helsingørkredsen,6. Nygård Skole,Carina Bloch Simonsen,Moderaterne,11
Helsingørkredsen,6. Nygård Skole,Erick Thürmer,Moderaterne,4
Helsingørkredsen,6. Nygård Skole,Kim Rasmussen,Moderaterne,2
Helsingørkredsen,6. Nygård Skole,Kim Mejnert Frydensbjerg,Moderaterne,0
Helsingørkredsen,6. Nygård Skole,Ulf Helgstrand,Moderaterne,4
Helsingørkredsen,6. Nygård Skole,Partiliste,Dansk Folkeparti,8
Helsingørkredsen,6. Nygård Skole,Gert Løfgren,Dansk Folkeparti,2
Helsingørkredsen,6. Nygård Skole,Christian Sødergren,Dansk Folkeparti,1
Helsingørkredsen,6. Nygård Skole,Pia Adelsteen,Dansk Folkeparti,1
Helsingørkredsen,6. Nygård Skole,Brian Lyck Jørgensen,Dansk Folkeparti,0
Helsingørkredsen,6. Nygård Skole,Birgitte Milling,Dansk Folkeparti,1
Helsingørkredsen,6. Nygård Skole,Partiliste,Frie Grønne,0
Helsingørkredsen,6. Nygård Skole,Lars Oskan-Henriksen,Frie Grønne,0
Helsingørkredsen,6. Nygård Skole,Clara Rebecca Svarc,Frie Grønne,0
Helsingørkredsen,6. Nygård Skole,Partiliste,"Venstre, Danmarks Liberale Parti",49
Helsingørkredsen,6. Nygård Skole,Mette Lene Jensen,"Venstre, Danmarks Liberale Parti",17
Helsingørkredsen,6. Nygård Skole,Hans Andersen,"Venstre, Danmarks Liberale Parti",16
Helsingørkredsen,6. Nygård Skole,Jørgen Eirfeldt,"Venstre, Danmarks Liberale Parti",0
Helsingørkredsen,6. Nygård Skole,Thomas Elong,"Venstre, Danmarks Liberale Parti",1
Helsingørkredsen,6. Nygård Skole,Marianne Lynghøj,"Venstre, Danmarks Liberale Parti",4
Helsingørkredsen,6. Nygård Skole,Sophie Løhde,"Venstre, Danmarks Liberale Parti",28
Helsingørkredsen,6. Nygård Skole,Partiliste,Danmarksdemokraterne,49
Helsingørkredsen,6. Nygård Skole,Marlene Harpsøe,Danmarksdemokraterne,17
Helsingørkredsen,6. Nygård Skole,Lars Bregnbak,Danmarksdemokraterne,1
Helsingørkredsen,6. Nygård Skole,Lars Ole Skovgaard Larsen,Danmarksdemokraterne,0
Helsingørkredsen,6. Nygård Skole,Partiliste,Enhedslisten - De Rød-Grønne,19
Helsingørkredsen,6. Nygård Skole,Christoffer Emil Jexen,Enhedslisten - De Rød-Grønne,5
Helsingørkredsen,6. Nygård Skole,Sinem Demir,Enhedslisten - De Rød-Grønne,5
Helsingørkredsen,6. Nygård Skole,Øjvind Vilsholm,Enhedslisten - De Rød-Grønne,0
Helsingørkredsen,6. Nygård Skole,Thue Lundgaard,Enhedslisten - De Rød-Grønne,1
Helsingørkredsen,6. Nygård Skole,Annie Hagel,Enhedslisten - De Rød-Grønne,1
Helsingørkredsen,6. Nygård Skole,Emil Ulrik Andersen,Enhedslisten - De Rød-Grønne,1
Helsingørkredsen,6. Nygård Skole,Partiliste,Alternativet,34
Helsingørkredsen,6. Nygård Skole,Helene Liliendahl Brydensholt,Alternativet,5
Helsingørkredsen,6. Nygård Skole,Allon Hein Sørensen,Alternativet,2
Helsingørkredsen,6. Nygård Skole,Nanna Høyrup,Alternativet,1
Helsingørkredsen,6. Nygård Skole,Maud Margrethe Pedersen,Alternativet,0
Helsingørkredsen,6. Nygård Skole,Mette Skamris,Alternativet,3
Helsingørkredsen,6. Nygård Skole,Mariane Lunden,Alternativet,0
Helsingørkredsen,6. Nygård Skole,Sidsel Dyekjær,Alternativet,0
Helsingørkredsen,6. Nygård Skole,Mette Jeppesen,Alternativet,0
Helsingørkredsen,6. Nygård Skole,Nicklas Hakmann,Alternativet,1
Helsingørkredsen,6. Nygård Skole,Morten Hvidberg Greve,Alternativet,0
Helsingørkredsen,6. Nygård Skole,Katjalivah Elleyhansen,(Uden for parti),2
Helsingørkredsen,6. Nygård Skole,Jayseth Lotus Arrose Simonysano,(Uden for parti),2
Helsingørkredsen,7. Tikøb Skole,Partiliste,Socialdemokratiet,147
Helsingørkredsen,7. Tikøb Skole,Henrik Møller,Socialdemokratiet,49
Helsingørkredsen,7. Tikøb Skole,Fie Hækkerup,Socialdemokratiet,14
Helsingørkredsen,7. Tikøb Skole,Miki Dam Larsen,Socialdemokratiet,3
Helsingørkredsen,7. Tikøb Skole,Louise Mehnke,Socialdemokratiet,12
Helsingørkredsen,7. Tikøb Skole,Matilde Powers,Socialdemokratiet,2
Helsingørkredsen,7. Tikøb Skole,Rasmus Stoklund,Socialdemokratiet,2
Helsingørkredsen,7. Tikøb Skole,Partiliste,Radikale Venstre,18
Helsingørkredsen,7. Tikøb Skole,Christian Holm Donatzky,Radikale Venstre,6
Helsingørkredsen,7. Tikøb Skole,Martin Lidegaard,Radikale Venstre,28
Helsingørkredsen,7. Tikøb Skole,Tine Hessner,Radikale Venstre,0
Helsingørkredsen,7. Tikøb Skole,Christina Thorholm,Radikale Venstre,5
Helsingørkredsen,7. Tikøb Skole,Jacob Netteberg,Radikale Venstre,1
Helsingørkredsen,7. Tikøb Skole,Maria Katarina Nielsen,Radikale Venstre,0
Helsingørkredsen,7. Tikøb Skole,Partiliste,Det Konservative Folkeparti,40
Helsingørkredsen,7. Tikøb Skole,Birgitte Bergman,Det Konservative Folkeparti,18
Helsingørkredsen,7. Tikøb Skole,Mette Abildgaard,Det Konservative Folkeparti,15
Helsingørkredsen,7. Tikøb Skole,Nikolaj Frederiksen,Det Konservative Folkeparti,0
Helsingørkredsen,7. Tikøb Skole,Emma Juul Hansen,Det Konservative Folkeparti,2
Helsingørkredsen,7. Tikøb Skole,Egil Hulgaard,Det Konservative Folkeparti,1
Helsingørkredsen,7. Tikøb Skole,Christoffer Buster Reinhardt,Det Konservative Folkeparti,4
Helsingørkredsen,7. Tikøb Skole,Niels Martin Viuff,Det Konservative Folkeparti,2
Helsingørkredsen,7. Tikøb Skole,Partiliste,Nye Borgerlige,29
Helsingørkredsen,7. Tikøb Skole,Mette Thiesen,Nye Borgerlige,22
Helsingørkredsen,7. Tikøb Skole,Per Olsen,Nye Borgerlige,0
Helsingørkredsen,7. Tikøb Skole,Claus Bruncke,Nye Borgerlige,1
Helsingørkredsen,7. Tikøb Skole,Søren Højbjerg,Nye Borgerlige,0
Helsingørkredsen,7. Tikøb Skole,Søren Regenberg,Nye Borgerlige,0
Helsingørkredsen,7. Tikøb Skole,Carsten Winther,Nye Borgerlige,0
Helsingørkredsen,7. Tikøb Skole,Partiliste,SF - Socialistisk Folkeparti,40
Helsingørkredsen,7. Tikøb Skole,Peter Westermann,SF - Socialistisk Folkeparti,3
Helsingørkredsen,7. Tikøb Skole,Marianne Bigum,SF - Socialistisk Folkeparti,17
Helsingørkredsen,7. Tikøb Skole,Marianne Stannum,SF - Socialistisk Folkeparti,0
Helsingørkredsen,7. Tikøb Skole,Silje Brynildsen,SF - Socialistisk Folkeparti,4
Helsingørkredsen,7. Tikøb Skole,Jens Skov,SF - Socialistisk Folkeparti,0
Helsingørkredsen,7. Tikøb Skole,Stefan B. Skrubbeltrang,SF - Socialistisk Folkeparti,1
Helsingørkredsen,7. Tikøb Skole,Partiliste,Liberal Alliance,90
Helsingørkredsen,7. Tikøb Skole,Steffen W. Frølund,Liberal Alliance,8
Helsingørkredsen,7. Tikøb Skole,Kim Bjørnstrup,Liberal Alliance,1
Helsingørkredsen,7. Tikøb Skole,Lars Høyer Holmqvist,Liberal Alliance,4
Helsingørkredsen,7. Tikøb Skole,Steffen Sjørslev,Liberal Alliance,1
Helsingørkredsen,7. Tikøb Skole,Marianne Porsborg,Liberal Alliance,4
Helsingørkredsen,7. Tikøb Skole,Robert Mørck,Liberal Alliance,0
Helsingørkredsen,7. Tikøb Skole,Kira Danholm,Liberal Alliance,3
Helsingørkredsen,7. Tikøb Skole,Josephine Svane,Liberal Alliance,0
Helsingørkredsen,7. Tikøb Skole,Partiliste,KD - Kristendemokraterne,0
Helsingørkredsen,7. Tikøb Skole,Henrik Forsberg,KD - Kristendemokraterne,0
Helsingørkredsen,7. Tikøb Skole,Stig Grenov,KD - Kristendemokraterne,0
Helsingørkredsen,7. Tikøb Skole,Britta Kristensen,KD - Kristendemokraterne,0
Helsingørkredsen,7. Tikøb Skole,Kurt Pedersen,KD - Kristendemokraterne,0
Helsingørkredsen,7. Tikøb Skole,Eva Skade Rasmussen,KD - Kristendemokraterne,0
Helsingørkredsen,7. Tikøb Skole,Partiliste,Moderaterne,113
Helsingørkredsen,7. Tikøb Skole,Jakob Engel-Schmidt,Moderaterne,11
Helsingørkredsen,7. Tikøb Skole,Carina Bloch Simonsen,Moderaterne,7
Helsingørkredsen,7. Tikøb Skole,Erick Thürmer,Moderaterne,4
Helsingørkredsen,7. Tikøb Skole,Kim Rasmussen,Moderaterne,2
Helsingørkredsen,7. Tikøb Skole,Kim Mejnert Frydensbjerg,Moderaterne,0
Helsingørkredsen,7. Tikøb Skole,Ulf Helgstrand,Moderaterne,4
Helsingørkredsen,7. Tikøb Skole,Partiliste,Dansk Folkeparti,30
Helsingørkredsen,7. Tikøb Skole,Gert Løfgren,Dansk Folkeparti,0
Helsingørkredsen,7. Tikøb Skole,Christian Sødergren,Dansk Folkeparti,1
Helsingørkredsen,7. Tikøb Skole,Pia Adelsteen,Dansk Folkeparti,5
Helsingørkredsen,7. Tikøb Skole,Brian Lyck Jørgensen,Dansk Folkeparti,0
Helsingørkredsen,7. Tikøb Skole,Birgitte Milling,Dansk Folkeparti,2
Helsingørkredsen,7. Tikøb Skole,Partiliste,Frie Grønne,1
Helsingørkredsen,7. Tikøb Skole,Lars Oskan-Henriksen,Frie Grønne,0
Helsingørkredsen,7. Tikøb Skole,Clara Rebecca Svarc,Frie Grønne,1
Helsingørkredsen,7. Tikøb Skole,Partiliste,"Venstre, Danmarks Liberale Parti",75
Helsingørkredsen,7. Tikøb Skole,Mette Lene Jensen,"Venstre, Danmarks Liberale Parti",19
Helsingørkredsen,7. Tikøb Skole,Hans Andersen,"Venstre, Danmarks Liberale Parti",21
Helsingørkredsen,7. Tikøb Skole,Jørgen Eirfeldt,"Venstre, Danmarks Liberale Parti",1
Helsingørkredsen,7. Tikøb Skole,Thomas Elong,"Venstre, Danmarks Liberale Parti",7
Helsingørkredsen,7. Tikøb Skole,Marianne Lynghøj,"Venstre, Danmarks Liberale Parti",7
Helsingørkredsen,7. Tikøb Skole,Sophie Løhde,"Venstre, Danmarks Liberale Parti",35
Helsingørkredsen,7. Tikøb Skole,Partiliste,Danmarksdemokraterne,65
Helsingørkredsen,7. Tikøb Skole,Marlene Harpsøe,Danmarksdemokraterne,17
Helsingørkredsen,7. Tikøb Skole,Lars Bregnbak,Danmarksdemokraterne,3
Helsingørkredsen,7. Tikøb Skole,Lars Ole Skovgaard Larsen,Danmarksdemokraterne,3
Helsingørkredsen,7. Tikøb Skole,Partiliste,Enhedslisten - De Rød-Grønne,19
Helsingørkredsen,7. Tikøb Skole,Christoffer Emil Jexen,Enhedslisten - De Rød-Grønne,2
Helsingørkredsen,7. Tikøb Skole,Sinem Demir,Enhedslisten - De Rød-Grønne,1
Helsingørkredsen,7. Tikøb Skole,Øjvind Vilsholm,Enhedslisten - De Rød-Grønne,1
Helsingørkredsen,7. Tikøb Skole,Thue Lundgaard,Enhedslisten - De Rød-Grønne,0
Helsingørkredsen,7. Tikøb Skole,Annie Hagel,Enhedslisten - De Rød-Grønne,1
Helsingørkredsen,7. Tikøb Skole,Emil Ulrik Andersen,Enhedslisten - De Rød-Grønne,0
Helsingørkredsen,7. Tikøb Skole,Partiliste,Alternativet,36
Helsingørkredsen,7. Tikøb Skole,Helene Liliendahl Brydensholt,Alternativet,7
Helsingørkredsen,7. Tikøb Skole,Allon Hein Sørensen,Alternativet,2
Helsingørkredsen,7. Tikøb Skole,Nanna Høyrup,Alternativet,1
Helsingørkredsen,7. Tikøb Skole,Maud Margrethe Pedersen,Alternativet,0
Helsingørkredsen,7. Tikøb Skole,Mette Skamris,Alternativet,3
Helsingørkredsen,7. Tikøb Skole,Mariane Lunden,Alternativet,0
Helsingørkredsen,7. Tikøb Skole,Sidsel Dyekjær,Alternativet,1
Helsingørkredsen,7. Tikøb Skole,Mette Jeppesen,Alternativet,0
Helsingørkredsen,7. Tikøb Skole,Nicklas Hakmann,Alternativet,1
Helsingørkredsen,7. Tikøb Skole,Morten Hvidberg Greve,Alternativet,1
Helsingørkredsen,7. Tikøb Skole,Katjalivah Elleyhansen,(Uden for parti),0
Helsingørkredsen,7. Tikøb Skole,Jayseth Lotus Arrose Simonysano,(Uden for parti),0
Helsingørkredsen,8. Kvistgård Idrætsanlæg,Partiliste,Socialdemokratiet,105
Helsingørkredsen,8. Kvistgård Idrætsanlæg,Henrik Møller,Socialdemokratiet,39
Helsingørkredsen,8. Kvistgård Idrætsanlæg,Fie Hækkerup,Socialdemokratiet,3
Helsingørkredsen,8. Kvistgård Idrætsanlæg,Miki Dam Larsen,Socialdemokratiet,2
Helsingørkredsen,8. Kvistgård Idrætsanlæg,Louise Mehnke,Socialdemokratiet,8
Helsingørkredsen,8. Kvistgård Idrætsanlæg,Matilde Powers,Socialdemokratiet,3
Helsingørkredsen,8. Kvistgård Idrætsanlæg,Rasmus Stoklund,Socialdemokratiet,2
Helsingørkredsen,8. Kvistgård Idrætsanlæg,Partiliste,Radikale Venstre,5
Helsingørkredsen,8. Kvistgård Idrætsanlæg,Christian Holm Donatzky,Radikale Venstre,3
Helsingørkredsen,8. Kvistgård Idrætsanlæg,Martin Lidegaard,Radikale Venstre,8
Helsingørkredsen,8. Kvistgård Idrætsanlæg,Tine Hessner,Radikale Venstre,0
Helsingørkredsen,8. Kvistgård Idrætsanlæg,Christina Thorholm,Radikale Venstre,2
Helsingørkredsen,8. Kvistgård Idrætsanlæg,Jacob Netteberg,Radikale Venstre,1
Helsingørkredsen,8. Kvistgård Idrætsanlæg,Maria Katarina Nielsen,Radikale Venstre,1
Helsingørkredsen,8. Kvistgård Idrætsanlæg,Partiliste,Det Konservative Folkeparti,18
Helsingørkredsen,8. Kvistgård Idrætsanlæg,Birgitte Bergman,Det Konservative Folkeparti,6
Helsingørkredsen,8. Kvistgård Idrætsanlæg,Mette Abildgaard,Det Konservative Folkeparti,8
Helsingørkredsen,8. Kvistgård Idrætsanlæg,Nikolaj Frederiksen,Det Konservative Folkeparti,1
Helsingørkredsen,8. Kvistgård Idrætsanlæg,Emma Juul Hansen,Det Konservative Folkeparti,3
Helsingørkredsen,8. Kvistgård Idrætsanlæg,Egil Hulgaard,Det Konservative Folkeparti,0
Helsingørkredsen,8. Kvistgård Idrætsanlæg,Christoffer Buster Reinhardt,Det Konservative Folkeparti,2
Helsingørkredsen,8. Kvistgård Idrætsanlæg,Niels Martin Viuff,Det Konservative Folkeparti,0
Helsingørkredsen,8. Kvistgård Idrætsanlæg,Partiliste,Nye Borgerlige,30
Helsingørkredsen,8. Kvistgård Idrætsanlæg,Mette Thiesen,Nye Borgerlige,19
Helsingørkredsen,8. Kvistgård Idrætsanlæg,Per Olsen,Nye Borgerlige,0
Helsingørkredsen,8. Kvistgård Idrætsanlæg,Claus Bruncke,Nye Borgerlige,1
Helsingørkredsen,8. Kvistgård Idrætsanlæg,Søren Højbjerg,Nye Borgerlige,0
Helsingørkredsen,8. Kvistgård Idrætsanlæg,Søren Regenberg,Nye Borgerlige,1
Helsingørkredsen,8. Kvistgård Idrætsanlæg,Carsten Winther,Nye Borgerlige,0
Helsingørkredsen,8. Kvistgård Idrætsanlæg,Partiliste,SF - Socialistisk Folkeparti,37
Helsingørkredsen,8. Kvistgård Idrætsanlæg,Peter Westermann,SF - Socialistisk Folkeparti,9
Helsingørkredsen,8. Kvistgård Idrætsanlæg,Marianne Bigum,SF - Socialistisk Folkeparti,4
Helsingørkredsen,8. Kvistgård Idrætsanlæg,Marianne Stannum,SF - Socialistisk Folkeparti,0
Helsingørkredsen,8. Kvistgård Idrætsanlæg,Silje Brynildsen,SF - Socialistisk Folkeparti,3
Helsingørkredsen,8. Kvistgård Idrætsanlæg,Jens Skov,SF - Socialistisk Folkeparti,0
Helsingørkredsen,8. Kvistgård Idrætsanlæg,Stefan B. Skrubbeltrang,SF - Socialistisk Folkeparti,1
Helsingørkredsen,8. Kvistgård Idrætsanlæg,Partiliste,Liberal Alliance,56
Helsingørkredsen,8. Kvistgård Idrætsanlæg,Steffen W. Frølund,Liberal Alliance,3
Helsingørkredsen,8. Kvistgård Idrætsanlæg,Kim Bjørnstrup,Liberal Alliance,0
Helsingørkredsen,8. Kvistgård Idrætsanlæg,Lars Høyer Holmqvist,Liberal Alliance,3
Helsingørkredsen,8. Kvistgård Idrætsanlæg,Steffen Sjørslev,Liberal Alliance,1
Helsingørkredsen,8. Kvistgård Idrætsanlæg,Marianne Porsborg,Liberal Alliance,0
Helsingørkredsen,8. Kvistgård Idrætsanlæg,Robert Mørck,Liberal Alliance,0
Helsingørkredsen,8. Kvistgård Idrætsanlæg,Kira Danholm,Liberal Alliance,2
Helsingørkredsen,8. Kvistgård Idrætsanlæg,Josephine Svane,Liberal Alliance,2
Helsingørkredsen,8. Kvistgård Idrætsanlæg,Partiliste,KD - Kristendemokraterne,4
Helsingørkredsen,8. Kvistgård Idrætsanlæg,Henrik Forsberg,KD - Kristendemokraterne,0
Helsingørkredsen,8. Kvistgård Idrætsanlæg,Stig Grenov,KD - Kristendemokraterne,0
Helsingørkredsen,8. Kvistgård Idrætsanlæg,Britta Kristensen,KD - Kristendemokraterne,1
Helsingørkredsen,8. Kvistgård Idrætsanlæg,Kurt Pedersen,KD - Kristendemokraterne,0
Helsingørkredsen,8. Kvistgård Idrætsanlæg,Eva Skade Rasmussen,KD - Kristendemokraterne,0
Helsingørkredsen,8. Kvistgård Idrætsanlæg,Partiliste,Moderaterne,49
Helsingørkredsen,8. Kvistgård Idrætsanlæg,Jakob Engel-Schmidt,Moderaterne,6
Helsingørkredsen,8. Kvistgård Idrætsanlæg,Carina Bloch Simonsen,Moderaterne,1
Helsingørkredsen,8. Kvistgård Idrætsanlæg,Erick Thürmer,Moderaterne,1
Helsingørkredsen,8. Kvistgård Idrætsanlæg,Kim Rasmussen,Moderaterne,2
Helsingørkredsen,8. Kvistgård Idrætsanlæg,Kim Mejnert Frydensbjerg,Moderaterne,0
Helsingørkredsen,8. Kvistgård Idrætsanlæg,Ulf Helgstrand,Moderaterne,0
Helsingørkredsen,8. Kvistgård Idrætsanlæg,Partiliste,Dansk Folkeparti,22
Helsingørkredsen,8. Kvistgård Idrætsanlæg,Gert Løfgren,Dansk Folkeparti,2
Helsingørkredsen,8. Kvistgård Idrætsanlæg,Christian Sødergren,Dansk Folkeparti,0
Helsingørkredsen,8. Kvistgård Idrætsanlæg,Pia Adelsteen,Dansk Folkeparti,4
Helsingørkredsen,8. Kvistgård Idrætsanlæg,Brian Lyck Jørgensen,Dansk Folkeparti,0
Helsingørkredsen,8. Kvistgård Idrætsanlæg,Birgitte Milling,Dansk Folkeparti,1
Helsingørkredsen,8. Kvistgård Idrætsanlæg,Partiliste,Frie Grønne,4
Helsingørkredsen,8. Kvistgård Idrætsanlæg,Lars Oskan-Henriksen,Frie Grønne,1
Helsingørkredsen,8. Kvistgård Idrætsanlæg,Clara Rebecca Svarc,Frie Grønne,0
Helsingørkredsen,8. Kvistgård Idrætsanlæg,Partiliste,"Venstre, Danmarks Liberale Parti",33
Helsingørkredsen,8. Kvistgård Idrætsanlæg,Mette Lene Jensen,"Venstre, Danmarks Liberale Parti",14
Helsingørkredsen,8. Kvistgård Idrætsanlæg,Hans Andersen,"Venstre, Danmarks Liberale Parti",13
Helsingørkredsen,8. Kvistgård Idrætsanlæg,Jørgen Eirfeldt,"Venstre, Danmarks Liberale Parti",0
Helsingørkredsen,8. Kvistgård Idrætsanlæg,Thomas Elong,"Venstre, Danmarks Liberale Parti",2
Helsingørkredsen,8. Kvistgård Idrætsanlæg,Marianne Lynghøj,"Venstre, Danmarks Liberale Parti",2
Helsingørkredsen,8. Kvistgård Idrætsanlæg,Sophie Løhde,"Venstre, Danmarks Liberale Parti",17
Helsingørkredsen,8. Kvistgård Idrætsanlæg,Partiliste,Danmarksdemokraterne,43
Helsingørkredsen,8. Kvistgård Idrætsanlæg,Marlene Harpsøe,Danmarksdemokraterne,22
Helsingørkredsen,8. Kvistgård Idrætsanlæg,Lars Bregnbak,Danmarksdemokraterne,0
Helsingørkredsen,8. Kvistgård Idrætsanlæg,Lars Ole Skovgaard Larsen,Danmarksdemokraterne,1
Helsingørkredsen,8. Kvistgård Idrætsanlæg,Partiliste,Enhedslisten - De Rød-Grønne,22
Helsingørkredsen,8. Kvistgård Idrætsanlæg,Christoffer Emil Jexen,Enhedslisten - De Rød-Grønne,1
Helsingørkredsen,8. Kvistgård Idrætsanlæg,Sinem Demir,Enhedslisten - De Rød-Grønne,5
Helsingørkredsen,8. Kvistgård Idrætsanlæg,Øjvind Vilsholm,Enhedslisten - De Rød-Grønne,0
Helsingørkredsen,8. Kvistgård Idrætsanlæg,Thue Lundgaard,Enhedslisten - De Rød-Grønne,0
Helsingørkredsen,8. Kvistgård Idrætsanlæg,Annie Hagel,Enhedslisten - De Rød-Grønne,3
Helsingørkredsen,8. Kvistgård Idrætsanlæg,Emil Ulrik Andersen,Enhedslisten - De Rød-Grønne,0
Helsingørkredsen,8. Kvistgård Idrætsanlæg,Partiliste,Alternativet,20
Helsingørkredsen,8. Kvistgård Idrætsanlæg,Helene Liliendahl Brydensholt,Alternativet,6
Helsingørkredsen,8. Kvistgård Idrætsanlæg,Allon Hein Sørensen,Alternativet,2
Helsingørkredsen,8. Kvistgård Idrætsanlæg,Nanna Høyrup,Alternativet,2
Helsingørkredsen,8. Kvistgård Idrætsanlæg,Maud Margrethe Pedersen,Alternativet,0
Helsingørkredsen,8. Kvistgård Idrætsanlæg,Mette Skamris,Alternativet,1
Helsingørkredsen,8. Kvistgård Idrætsanlæg,Mariane Lunden,Alternativet,0
Helsingørkredsen,8. Kvistgård Idrætsanlæg,Sidsel Dyekjær,Alternativet,0
Helsingørkredsen,8. Kvistgård Idrætsanlæg,Mette Jeppesen,Alternativet,0
Helsingørkredsen,8. Kvistgård Idrætsanlæg,Nicklas Hakmann,Alternativet,0
Helsingørkredsen,8. Kvistgård Idrætsanlæg,Morten Hvidberg Greve,Alternativet,0
Helsingørkredsen,8. Kvistgård Idrætsanlæg,Katjalivah Elleyhansen,(Uden for parti),1
Helsingørkredsen,8. Kvistgård Idrætsanlæg,Jayseth Lotus Arrose Simonysano,(Uden for parti),3
Helsingørkredsen,9. Snekkersten Hallen,Partiliste,Socialdemokratiet,496
Helsingørkredsen,9. Snekkersten Hallen,Henrik Møller,Socialdemokratiet,236
Helsingørkredsen,9. Snekkersten Hallen,Fie Hækkerup,Socialdemokratiet,48
Helsingørkredsen,9. Snekkersten Hallen,Miki Dam Larsen,Socialdemokratiet,10
Helsingørkredsen,9. Snekkersten Hallen,Louise Mehnke,Socialdemokratiet,24
Helsingørkredsen,9. Snekkersten Hallen,Matilde Powers,Socialdemokratiet,18
Helsingørkredsen,9. Snekkersten Hallen,Rasmus Stoklund,Socialdemokratiet,17
Helsingørkredsen,9. Snekkersten Hallen,Partiliste,Radikale Venstre,54
Helsingørkredsen,9. Snekkersten Hallen,Christian Holm Donatzky,Radikale Venstre,20
Helsingørkredsen,9. Snekkersten Hallen,Martin Lidegaard,Radikale Venstre,98
Helsingørkredsen,9. Snekkersten Hallen,Tine Hessner,Radikale Venstre,3
Helsingørkredsen,9. Snekkersten Hallen,Christina Thorholm,Radikale Venstre,11
Helsingørkredsen,9. Snekkersten Hallen,Jacob Netteberg,Radikale Venstre,1
Helsingørkredsen,9. Snekkersten Hallen,Maria Katarina Nielsen,Radikale Venstre,5
Helsingørkredsen,9. Snekkersten Hallen,Partiliste,Det Konservative Folkeparti,89
Helsingørkredsen,9. Snekkersten Hallen,Birgitte Bergman,Det Konservative Folkeparti,135
Helsingørkredsen,9. Snekkersten Hallen,Mette Abildgaard,Det Konservative Folkeparti,35
Helsingørkredsen,9. Snekkersten Hallen,Nikolaj Frederiksen,Det Konservative Folkeparti,3
Helsingørkredsen,9. Snekkersten Hallen,Emma Juul Hansen,Det Konservative Folkeparti,6
Helsingørkredsen,9. Snekkersten Hallen,Egil Hulgaard,Det Konservative Folkeparti,1
Helsingørkredsen,9. Snekkersten Hallen,Christoffer Buster Reinhardt,Det Konservative Folkeparti,11
Helsingørkredsen,9. Snekkersten Hallen,Niels Martin Viuff,Det Konservative Folkeparti,2
Helsingørkredsen,9. Snekkersten Hallen,Partiliste,Nye Borgerlige,62
Helsingørkredsen,9. Snekkersten Hallen,Mette Thiesen,Nye Borgerlige,33
Helsingørkredsen,9. Snekkersten Hallen,Per Olsen,Nye Borgerlige,3
Helsingørkredsen,9. Snekkersten Hallen,Claus Bruncke,Nye Borgerlige,1
Helsingørkredsen,9. Snekkersten Hallen,Søren Højbjerg,Nye Borgerlige,0
Helsingørkredsen,9. Snekkersten Hallen,Søren Regenberg,Nye Borgerlige,0
Helsingørkredsen,9. Snekkersten Hallen,Carsten Winther,Nye Borgerlige,3
Helsingørkredsen,9. Snekkersten Hallen,Partiliste,SF - Socialistisk Folkeparti,161
Helsingørkredsen,9. Snekkersten Hallen,Peter Westermann,SF - Socialistisk Folkeparti,20
Helsingørkredsen,9. Snekkersten Hallen,Marianne Bigum,SF - Socialistisk Folkeparti,46
Helsingørkredsen,9. Snekkersten Hallen,Marianne Stannum,SF - Socialistisk Folkeparti,5
Helsingørkredsen,9. Snekkersten Hallen,Silje Brynildsen,SF - Socialistisk Folkeparti,5
Helsingørkredsen,9. Snekkersten Hallen,Jens Skov,SF - Socialistisk Folkeparti,1
Helsingørkredsen,9. Snekkersten Hallen,Stefan B. Skrubbeltrang,SF - Socialistisk Folkeparti,3
Helsingørkredsen,9. Snekkersten Hallen,Partiliste,Liberal Alliance,192
Helsingørkredsen,9. Snekkersten Hallen,Steffen W. Frølund,Liberal Alliance,21
Helsingørkredsen,9. Snekkersten Hallen,Kim Bjørnstrup,Liberal Alliance,5
Helsingørkredsen,9. Snekkersten Hallen,Lars Høyer Holmqvist,Liberal Alliance,17
Helsingørkredsen,9. Snekkersten Hallen,Steffen Sjørslev,Liberal Alliance,1
Helsingørkredsen,9. Snekkersten Hallen,Marianne Porsborg,Liberal Alliance,9
Helsingørkredsen,9. Snekkersten Hallen,Robert Mørck,Liberal Alliance,2
Helsingørkredsen,9. Snekkersten Hallen,Kira Danholm,Liberal Alliance,5
Helsingørkredsen,9. Snekkersten Hallen,Josephine Svane,Liberal Alliance,8
Helsingørkredsen,9. Snekkersten Hallen,Partiliste,KD - Kristendemokraterne,2
Helsingørkredsen,9. Snekkersten Hallen,Henrik Forsberg,KD - Kristendemokraterne,0
Helsingørkredsen,9. Snekkersten Hallen,Stig Grenov,KD - Kristendemokraterne,0
Helsingørkredsen,9. Snekkersten Hallen,Britta Kristensen,KD - Kristendemokraterne,0
Helsingørkredsen,9. Snekkersten Hallen,Kurt Pedersen,KD - Kristendemokraterne,1
Helsingørkredsen,9. Snekkersten Hallen,Eva Skade Rasmussen,KD - Kristendemokraterne,2
Helsingørkredsen,9. Snekkersten Hallen,Partiliste,Moderaterne,327
Helsingørkredsen,9. Snekkersten Hallen,Jakob Engel-Schmidt,Moderaterne,65
Helsingørkredsen,9. Snekkersten Hallen,Carina Bloch Simonsen,Moderaterne,25
Helsingørkredsen,9. Snekkersten Hallen,Erick Thürmer,Moderaterne,4
Helsingørkredsen,9. Snekkersten Hallen,Kim Rasmussen,Moderaterne,1
Helsingørkredsen,9. Snekkersten Hallen,Kim Mejnert Frydensbjerg,Moderaterne,2
Helsingørkredsen,9. Snekkersten Hallen,Ulf Helgstrand,Moderaterne,0
Helsingørkredsen,9. Snekkersten Hallen,Partiliste,Dansk Folkeparti,50
Helsingørkredsen,9. Snekkersten Hallen,Gert Løfgren,Dansk Folkeparti,4
Helsingørkredsen,9. Snekkersten Hallen,Christian Sødergren,Dansk Folkeparti,1
Helsingørkredsen,9. Snekkersten Hallen,Pia Adelsteen,Dansk Folkeparti,7
Helsingørkredsen,9. Snekkersten Hallen,Brian Lyck Jørgensen,Dansk Folkeparti,0
Helsingørkredsen,9. Snekkersten Hallen,Birgitte Milling,Dansk Folkeparti,1
Helsingørkredsen,9. Snekkersten Hallen,Partiliste,Frie Grønne,6
Helsingørkredsen,9. Snekkersten Hallen,Lars Oskan-Henriksen,Frie Grønne,1
Helsingørkredsen,9. Snekkersten Hallen,Clara Rebecca Svarc,Frie Grønne,2
Helsingørkredsen,9. Snekkersten Hallen,Partiliste,"Venstre, Danmarks Liberale Parti",191
Helsingørkredsen,9. Snekkersten Hallen,Mette Lene Jensen,"Venstre, Danmarks Liberale Parti",49
Helsingørkredsen,9. Snekkersten Hallen,Hans Andersen,"Venstre, Danmarks Liberale Parti",29
Helsingørkredsen,9. Snekkersten Hallen,Jørgen Eirfeldt,"Venstre, Danmarks Liberale Parti",1
Helsingørkredsen,9. Snekkersten Hallen,Thomas Elong,"Venstre, Danmarks Liberale Parti",2
Helsingørkredsen,9. Snekkersten Hallen,Marianne Lynghøj,"Venstre, Danmarks Liberale Parti",11
Helsingørkredsen,9. Snekkersten Hallen,Sophie Løhde,"Venstre, Danmarks Liberale Parti",103
Helsingørkredsen,9. Snekkersten Hallen,Partiliste,Danmarksdemokraterne,95
Helsingørkredsen,9. Snekkersten Hallen,Marlene Harpsøe,Danmarksdemokraterne,26
Helsingørkredsen,9. Snekkersten Hallen,Lars Bregnbak,Danmarksdemokraterne,1
Helsingørkredsen,9. Snekkersten Hallen,Lars Ole Skovgaard Larsen,Danmarksdemokraterne,0
Helsingørkredsen,9. Snekkersten Hallen,Partiliste,Enhedslisten - De Rød-Grønne,129
Helsingørkredsen,9. Snekkersten Hallen,Christoffer Emil Jexen,Enhedslisten - De Rød-Grønne,19
Helsingørkredsen,9. Snekkersten Hallen,Sinem Demir,Enhedslisten - De Rød-Grønne,18
Helsingørkredsen,9. Snekkersten Hallen,Øjvind Vilsholm,Enhedslisten - De Rød-Grønne,1
Helsingørkredsen,9. Snekkersten Hallen,Thue Lundgaard,Enhedslisten - De Rød-Grønne,1
Helsingørkredsen,9. Snekkersten Hallen,Annie Hagel,Enhedslisten - De Rød-Grønne,2
Helsingørkredsen,9. Snekkersten Hallen,Emil Ulrik Andersen,Enhedslisten - De Rød-Grønne,1
Helsingørkredsen,9. Snekkersten Hallen,Partiliste,Alternativet,68
Helsingørkredsen,9. Snekkersten Hallen,Helene Liliendahl Brydensholt,Alternativet,25
Helsingørkredsen,9. Snekkersten Hallen,Allon Hein Sørensen,Alternativet,1
Helsingørkredsen,9. Snekkersten Hallen,Nanna Høyrup,Alternativet,6
Helsingørkredsen,9. Snekkersten Hallen,Maud Margrethe Pedersen,Alternativet,1
Helsingørkredsen,9. Snekkersten Hallen,Mette Skamris,Alternativet,8
Helsingørkredsen,9. Snekkersten Hallen,Mariane Lunden,Alternativet,0
Helsingørkredsen,9. Snekkersten Hallen,Sidsel Dyekjær,Alternativet,5
Helsingørkredsen,9. Snekkersten Hallen,Mette Jeppesen,Alternativet,0
Helsingørkredsen,9. Snekkersten Hallen,Nicklas Hakmann,Alternativet,0
Helsingørkredsen,9. Snekkersten Hallen,Morten Hvidberg Greve,Alternativet,0
Helsingørkredsen,9. Snekkersten Hallen,Katjalivah Elleyhansen,(Uden for parti),1
Helsingørkredsen,9. Snekkersten Hallen,Jayseth Lotus Arrose Simonysano,(Uden for parti),1
Helsingørkredsen,10. Espergærde Bibliotek,Partiliste,Socialdemokratiet,374
Helsingørkredsen,10. Espergærde Bibliotek,Henrik Møller,Socialdemokratiet,128
Helsingørkredsen,10. Espergærde Bibliotek,Fie Hækkerup,Socialdemokratiet,38
Helsingørkredsen,10. Espergærde Bibliotek,Miki Dam Larsen,Socialdemokratiet,11
Helsingørkredsen,10. Espergærde Bibliotek,Louise Mehnke,Socialdemokratiet,29
Helsingørkredsen,10. Espergærde Bibliotek,Matilde Powers,Socialdemokratiet,8
Helsingørkredsen,10. Espergærde Bibliotek,Rasmus Stoklund,Socialdemokratiet,20
Helsingørkredsen,10. Espergærde Bibliotek,Partiliste,Radikale Venstre,54
Helsingørkredsen,10. Espergærde Bibliotek,Christian Holm Donatzky,Radikale Venstre,38
Helsingørkredsen,10. Espergærde Bibliotek,Martin Lidegaard,Radikale Venstre,126
Helsingørkredsen,10. Espergærde Bibliotek,Tine Hessner,Radikale Venstre,5
Helsingørkredsen,10. Espergærde Bibliotek,Christina Thorholm,Radikale Venstre,15
Helsingørkredsen,10. Espergærde Bibliotek,Jacob Netteberg,Radikale Venstre,3
Helsingørkredsen,10. Espergærde Bibliotek,Maria Katarina Nielsen,Radikale Venstre,2
Helsingørkredsen,10. Espergærde Bibliotek,Partiliste,Det Konservative Folkeparti,143
Helsingørkredsen,10. Espergærde Bibliotek,Birgitte Bergman,Det Konservative Folkeparti,95
Helsingørkredsen,10. Espergærde Bibliotek,Mette Abildgaard,Det Konservative Folkeparti,50
Helsingørkredsen,10. Espergærde Bibliotek,Nikolaj Frederiksen,Det Konservative Folkeparti,5
Helsingørkredsen,10. Espergærde Bibliotek,Emma Juul Hansen,Det Konservative Folkeparti,9
Helsingørkredsen,10. Espergærde Bibliotek,Egil Hulgaard,Det Konservative Folkeparti,1
Helsingørkredsen,10. Espergærde Bibliotek,Christoffer Buster Reinhardt,Det Konservative Folkeparti,15
Helsingørkredsen,10. Espergærde Bibliotek,Niels Martin Viuff,Det Konservative Folkeparti,7
Helsingørkredsen,10. Espergærde Bibliotek,Partiliste,Nye Borgerlige,40
Helsingørkredsen,10. Espergærde Bibliotek,Mette Thiesen,Nye Borgerlige,34
Helsingørkredsen,10. Espergærde Bibliotek,Per Olsen,Nye Borgerlige,0
Helsingørkredsen,10. Espergærde Bibliotek,Claus Bruncke,Nye Borgerlige,1
Helsingørkredsen,10. Espergærde Bibliotek,Søren Højbjerg,Nye Borgerlige,0
Helsingørkredsen,10. Espergærde Bibliotek,Søren Regenberg,Nye Borgerlige,2
Helsingørkredsen,10. Espergærde Bibliotek,Carsten Winther,Nye Borgerlige,0
Helsingørkredsen,10. Espergærde Bibliotek,Partiliste,SF - Socialistisk Folkeparti,164
Helsingørkredsen,10. Espergærde Bibliotek,Peter Westermann,SF - Socialistisk Folkeparti,23
Helsingørkredsen,10. Espergærde Bibliotek,Marianne Bigum,SF - Socialistisk Folkeparti,37
Helsingørkredsen,10. Espergærde Bibliotek,Marianne Stannum,SF - Socialistisk Folkeparti,4
Helsingørkredsen,10. Espergærde Bibliotek,Silje Brynildsen,SF - Socialistisk Folkeparti,15
Helsingørkredsen,10. Espergærde Bibliotek,Jens Skov,SF - Socialistisk Folkeparti,2
Helsingørkredsen,10. Espergærde Bibliotek,Stefan B. Skrubbeltrang,SF - Socialistisk Folkeparti,11
Helsingørkredsen,10. Espergærde Bibliotek,Partiliste,Liberal Alliance,323
Helsingørkredsen,10. Espergærde Bibliotek,Steffen W. Frølund,Liberal Alliance,31
Helsingørkredsen,10. Espergærde Bibliotek,Kim Bjørnstrup,Liberal Alliance,8
Helsingørkredsen,10. Espergærde Bibliotek,Lars Høyer Holmqvist,Liberal Alliance,24
Helsingørkredsen,10. Espergærde Bibliotek,Steffen Sjørslev,Liberal Alliance,0
Helsingørkredsen,10. Espergærde Bibliotek,Marianne Porsborg,Liberal Alliance,6
Helsingørkredsen,10. Espergærde Bibliotek,Robert Mørck,Liberal Alliance,1
Helsingørkredsen,10. Espergærde Bibliotek,Kira Danholm,Liberal Alliance,5
Helsingørkredsen,10. Espergærde Bibliotek,Josephine Svane,Liberal Alliance,6
Helsingørkredsen,10. Espergærde Bibliotek,Partiliste,KD - Kristendemokraterne,5
Helsingørkredsen,10. Espergærde Bibliotek,Henrik Forsberg,KD - Kristendemokraterne,0
Helsingørkredsen,10. Espergærde Bibliotek,Stig Grenov,KD - Kristendemokraterne,0
Helsingørkredsen,10. Espergærde Bibliotek,Britta Kristensen,KD - Kristendemokraterne,0
Helsingørkredsen,10. Espergærde Bibliotek,Kurt Pedersen,KD - Kristendemokraterne,0
Helsingørkredsen,10. Espergærde Bibliotek,Eva Skade Rasmussen,KD - Kristendemokraterne,0
Helsingørkredsen,10. Espergærde Bibliotek,Partiliste,Moderaterne,313
Helsingørkredsen,10. Espergærde Bibliotek,Jakob Engel-Schmidt,Moderaterne,53
Helsingørkredsen,10. Espergærde Bibliotek,Carina Bloch Simonsen,Moderaterne,24
Helsingørkredsen,10. Espergærde Bibliotek,Erick Thürmer,Moderaterne,3
Helsingørkredsen,10. Espergærde Bibliotek,Kim Rasmussen,Moderaterne,3
Helsingørkredsen,10. Espergærde Bibliotek,Kim Mejnert Frydensbjerg,Moderaterne,2
Helsingørkredsen,10. Espergærde Bibliotek,Ulf Helgstrand,Moderaterne,5
Helsingørkredsen,10. Espergærde Bibliotek,Partiliste,Dansk Folkeparti,33
Helsingørkredsen,10. Espergærde Bibliotek,Gert Løfgren,Dansk Folkeparti,4
Helsingørkredsen,10. Espergærde Bibliotek,Christian Sødergren,Dansk Folkeparti,0
Helsingørkredsen,10. Espergærde Bibliotek,Pia Adelsteen,Dansk Folkeparti,3
Helsingørkredsen,10. Espergærde Bibliotek,Brian Lyck Jørgensen,Dansk Folkeparti,1
Helsingørkredsen,10. Espergærde Bibliotek,Birgitte Milling,Dansk Folkeparti,0
Helsingørkredsen,10. Espergærde Bibliotek,Partiliste,Frie Grønne,19
Helsingørkredsen,10. Espergærde Bibliotek,Lars Oskan-Henriksen,Frie Grønne,3
Helsingørkredsen,10. Espergærde Bibliotek,Clara Rebecca Svarc,Frie Grønne,2
Helsingørkredsen,10. Espergærde Bibliotek,Partiliste,"Venstre, Danmarks Liberale Parti",192
Helsingørkredsen,10. Espergærde Bibliotek,Mette Lene Jensen,"Venstre, Danmarks Liberale Parti",90
Helsingørkredsen,10. Espergærde Bibliotek,Hans Andersen,"Venstre, Danmarks Liberale Parti",24
Helsingørkredsen,10. Espergærde Bibliotek,Jørgen Eirfeldt,"Venstre, Danmarks Liberale Parti",1
Helsingørkredsen,10. Espergærde Bibliotek,Thomas Elong,"Venstre, Danmarks Liberale Parti",2
Helsingørkredsen,10. Espergærde Bibliotek,Marianne Lynghøj,"Venstre, Danmarks Liberale Parti",18
Helsingørkredsen,10. Espergærde Bibliotek,Sophie Løhde,"Venstre, Danmarks Liberale Parti",107
Helsingørkredsen,10. Espergærde Bibliotek,Partiliste,Danmarksdemokraterne,58
Helsingørkredsen,10. Espergærde Bibliotek,Marlene Harpsøe,Danmarksdemokraterne,29
Helsingørkredsen,10. Espergærde Bibliotek,Lars Bregnbak,Danmarksdemokraterne,0
Helsingørkredsen,10. Espergærde Bibliotek,Lars Ole Skovgaard Larsen,Danmarksdemokraterne,1
Helsingørkredsen,10. Espergærde Bibliotek,Partiliste,Enhedslisten - De Rød-Grønne,112
Helsingørkredsen,10. Espergærde Bibliotek,Christoffer Emil Jexen,Enhedslisten - De Rød-Grønne,14
Helsingørkredsen,10. Espergærde Bibliotek,Sinem Demir,Enhedslisten - De Rød-Grønne,12
Helsingørkredsen,10. Espergærde Bibliotek,Øjvind Vilsholm,Enhedslisten - De Rød-Grønne,1
Helsingørkredsen,10. Espergærde Bibliotek,Thue Lundgaard,Enhedslisten - De Rød-Grønne,2
Helsingørkredsen,10. Espergærde Bibliotek,Annie Hagel,Enhedslisten - De Rød-Grønne,4
Helsingørkredsen,10. Espergærde Bibliotek,Emil Ulrik Andersen,Enhedslisten - De Rød-Grønne,2
Helsingørkredsen,10. Espergærde Bibliotek,Partiliste,Alternativet,101
Helsingørkredsen,10. Espergærde Bibliotek,Helene Liliendahl Brydensholt,Alternativet,31
Helsingørkredsen,10. Espergærde Bibliotek,Allon Hein Sørensen,Alternativet,3
Helsingørkredsen,10. Espergærde Bibliotek,Nanna Høyrup,Alternativet,11
Helsingørkredsen,10. Espergærde Bibliotek,Maud Margrethe Pedersen,Alternativet,0
Helsingørkredsen,10. Espergærde Bibliotek,Mette Skamris,Alternativet,2
Helsingørkredsen,10. Espergærde Bibliotek,Mariane Lunden,Alternativet,0
Helsingørkredsen,10. Espergærde Bibliotek,Sidsel Dyekjær,Alternativet,2
Helsingørkredsen,10. Espergærde Bibliotek,Mette Jeppesen,Alternativet,2
Helsingørkredsen,10. Espergærde Bibliotek,Nicklas Hakmann,Alternativet,0
Helsingørkredsen,10. Espergærde Bibliotek,Morten Hvidberg Greve,Alternativet,6
Helsingørkredsen,10. Espergærde Bibliotek,Katjalivah Elleyhansen,(Uden for parti),1
Helsingørkredsen,10. Espergærde Bibliotek,Jayseth Lotus Arrose Simonysano,(Uden for parti),3
Helsingørkredsen,11. Mørdrupskolen,Partiliste,Socialdemokratiet,671
Helsingørkredsen,11. Mørdrupskolen,Henrik Møller,Socialdemokratiet,255
Helsingørkredsen,11. Mørdrupskolen,Fie Hækkerup,Socialdemokratiet,53
Helsingørkredsen,11. Mørdrupskolen,Miki Dam Larsen,Socialdemokratiet,11
Helsingørkredsen,11. Mørdrupskolen,Louise Mehnke,Socialdemokratiet,42
Helsingørkredsen,11. Mørdrupskolen,Matilde Powers,Socialdemokratiet,25
Helsingørkredsen,11. Mørdrupskolen,Rasmus Stoklund,Socialdemokratiet,21
Helsingørkredsen,11. Mørdrupskolen,Partiliste,Radikale Venstre,85
Helsingørkredsen,11. Mørdrupskolen,Christian Holm Donatzky,Radikale Venstre,26
Helsingørkredsen,11. Mørdrupskolen,Martin Lidegaard,Radikale Venstre,115
Helsingørkredsen,11. Mørdrupskolen,Tine Hessner,Radikale Venstre,7
Helsingørkredsen,11. Mørdrupskolen,Christina Thorholm,Radikale Venstre,18
Helsingørkredsen,11. Mørdrupskolen,Jacob Netteberg,Radikale Venstre,7
Helsingørkredsen,11. Mørdrupskolen,Maria Katarina Nielsen,Radikale Venstre,6
Helsingørkredsen,11. Mørdrupskolen,Partiliste,Det Konservative Folkeparti,177
Helsingørkredsen,11. Mørdrupskolen,Birgitte Bergman,Det Konservative Folkeparti,119
Helsingørkredsen,11. Mørdrupskolen,Mette Abildgaard,Det Konservative Folkeparti,45
Helsingørkredsen,11. Mørdrupskolen,Nikolaj Frederiksen,Det Konservative Folkeparti,3
Helsingørkredsen,11. Mørdrupskolen,Emma Juul Hansen,Det Konservative Folkeparti,12
Helsingørkredsen,11. Mørdrupskolen,Egil Hulgaard,Det Konservative Folkeparti,1
Helsingørkredsen,11. Mørdrupskolen,Christoffer Buster Reinhardt,Det Konservative Folkeparti,7
Helsingørkredsen,11. Mørdrupskolen,Niels Martin Viuff,Det Konservative Folkeparti,3
Helsingørkredsen,11. Mørdrupskolen,Partiliste,Nye Borgerlige,81
Helsingørkredsen,11. Mørdrupskolen,Mette Thiesen,Nye Borgerlige,38
Helsingørkredsen,11. Mørdrupskolen,Per Olsen,Nye Borgerlige,3
Helsingørkredsen,11. Mørdrupskolen,Claus Bruncke,Nye Borgerlige,0
Helsingørkredsen,11. Mørdrupskolen,Søren Højbjerg,Nye Borgerlige,0
Helsingørkredsen,11. Mørdrupskolen,Søren Regenberg,Nye Borgerlige,1
Helsingørkredsen,11. Mørdrupskolen,Carsten Winther,Nye Borgerlige,0
Helsingørkredsen,11. Mørdrupskolen,Partiliste,SF - Socialistisk Folkeparti,228
Helsingørkredsen,11. Mørdrupskolen,Peter Westermann,SF - Socialistisk Folkeparti,29
Helsingørkredsen,11. Mørdrupskolen,Marianne Bigum,SF - Socialistisk Folkeparti,50
Helsingørkredsen,11. Mørdrupskolen,Marianne Stannum,SF - Socialistisk Folkeparti,5
Helsingørkredsen,11. Mørdrupskolen,Silje Brynildsen,SF - Socialistisk Folkeparti,18
Helsingørkredsen,11. Mørdrupskolen,Jens Skov,SF - Socialistisk Folkeparti,1
Helsingørkredsen,11. Mørdrupskolen,Stefan B. Skrubbeltrang,SF - Socialistisk Folkeparti,6
Helsingørkredsen,11. Mørdrupskolen,Partiliste,Liberal Alliance,268
Helsingørkredsen,11. Mørdrupskolen,Steffen W. Frølund,Liberal Alliance,34
Helsingørkredsen,11. Mørdrupskolen,Kim Bjørnstrup,Liberal Alliance,10
Helsingørkredsen,11. Mørdrupskolen,Lars Høyer Holmqvist,Liberal Alliance,24
Helsingørkredsen,11. Mørdrupskolen,Steffen Sjørslev,Liberal Alliance,3
Helsingørkredsen,11. Mørdrupskolen,Marianne Porsborg,Liberal Alliance,1
Helsingørkredsen,11. Mørdrupskolen,Robert Mørck,Liberal Alliance,2
Helsingørkredsen,11. Mørdrupskolen,Kira Danholm,Liberal Alliance,6
Helsingørkredsen,11. Mørdrupskolen,Josephine Svane,Liberal Alliance,18
Helsingørkredsen,11. Mørdrupskolen,Partiliste,KD - Kristendemokraterne,12
Helsingørkredsen,11. Mørdrupskolen,Henrik Forsberg,KD - Kristendemokraterne,0
Helsingørkredsen,11. Mørdrupskolen,Stig Grenov,KD - Kristendemokraterne,0
Helsingørkredsen,11. Mørdrupskolen,Britta Kristensen,KD - Kristendemokraterne,2
Helsingørkredsen,11. Mørdrupskolen,Kurt Pedersen,KD - Kristendemokraterne,0
Helsingørkredsen,11. Mørdrupskolen,Eva Skade Rasmussen,KD - Kristendemokraterne,1
Helsingørkredsen,11. Mørdrupskolen,Partiliste,Moderaterne,374
Helsingørkredsen,11. Mørdrupskolen,Jakob Engel-Schmidt,Moderaterne,53
Helsingørkredsen,11. Mørdrupskolen,Carina Bloch Simonsen,Moderaterne,26
Helsingørkredsen,11. Mørdrupskolen,Erick Thürmer,Moderaterne,10
Helsingørkredsen,11. Mørdrupskolen,Kim Rasmussen,Moderaterne,7
Helsingørkredsen,11. Mørdrupskolen,Kim Mejnert Frydensbjerg,Moderaterne,4
Helsingørkredsen,11. Mørdrupskolen,Ulf Helgstrand,Moderaterne,5
Helsingørkredsen,11. Mørdrupskolen,Partiliste,Dansk Folkeparti,77
Helsingørkredsen,11. Mørdrupskolen,Gert Løfgren,Dansk Folkeparti,4
Helsingørkredsen,11. Mørdrupskolen,Christian Sødergren,Dansk Folkeparti,2
Helsingørkredsen,11. Mørdrupskolen,Pia Adelsteen,Dansk Folkeparti,5
Helsingørkredsen,11. Mørdrupskolen,Brian Lyck Jørgensen,Dansk Folkeparti,2
Helsingørkredsen,11. Mørdrupskolen,Birgitte Milling,Dansk Folkeparti,2
Helsingørkredsen,11. Mørdrupskolen,Partiliste,Frie Grønne,25
Helsingørkredsen,11. Mørdrupskolen,Lars Oskan-Henriksen,Frie Grønne,4
Helsingørkredsen,11. Mørdrupskolen,Clara Rebecca Svarc,Frie Grønne,8
Helsingørkredsen,11. Mørdrupskolen,Partiliste,"Venstre, Danmarks Liberale Parti",255
Helsingørkredsen,11. Mørdrupskolen,Mette Lene Jensen,"Venstre, Danmarks Liberale Parti",132
Helsingørkredsen,11. Mørdrupskolen,Hans Andersen,"Venstre, Danmarks Liberale Parti",23
Helsingørkredsen,11. Mørdrupskolen,Jørgen Eirfeldt,"Venstre, Danmarks Liberale Parti",0
Helsingørkredsen,11. Mørdrupskolen,Thomas Elong,"Venstre, Danmarks Liberale Parti",6
Helsingørkredsen,11. Mørdrupskolen,Marianne Lynghøj,"Venstre, Danmarks Liberale Parti",21
Helsingørkredsen,11. Mørdrupskolen,Sophie Løhde,"Venstre, Danmarks Liberale Parti",125
Helsingørkredsen,11. Mørdrupskolen,Partiliste,Danmarksdemokraterne,129
Helsingørkredsen,11. Mørdrupskolen,Marlene Harpsøe,Danmarksdemokraterne,45
Helsingørkredsen,11. Mørdrupskolen,Lars Bregnbak,Danmarksdemokraterne,1
Helsingørkredsen,11. Mørdrupskolen,Lars Ole Skovgaard Larsen,Danmarksdemokraterne,2
Helsingørkredsen,11. Mørdrupskolen,Partiliste,Enhedslisten - De Rød-Grønne,144
Helsingørkredsen,11. Mørdrupskolen,Christoffer Emil Jexen,Enhedslisten - De Rød-Grønne,11
Helsingørkredsen,11. Mørdrupskolen,Sinem Demir,Enhedslisten - De Rød-Grønne,25
Helsingørkredsen,11. Mørdrupskolen,Øjvind Vilsholm,Enhedslisten - De Rød-Grønne,0
Helsingørkredsen,11. Mørdrupskolen,Thue Lundgaard,Enhedslisten - De Rød-Grønne,1
Helsingørkredsen,11. Mørdrupskolen,Annie Hagel,Enhedslisten - De Rød-Grønne,10
Helsingørkredsen,11. Mørdrupskolen,Emil Ulrik Andersen,Enhedslisten - De Rød-Grønne,3
Helsingørkredsen,11. Mørdrupskolen,Partiliste,Alternativet,114
Helsingørkredsen,11. Mørdrupskolen,Helene Liliendahl Brydensholt,Alternativet,26
Helsingørkredsen,11. Mørdrupskolen,Allon Hein Sørensen,Alternativet,4
Helsingørkredsen,11. Mørdrupskolen,Nanna Høyrup,Alternativet,6
Helsingørkredsen,11. Mørdrupskolen,Maud Margrethe Pedersen,Alternativet,2
Helsingørkredsen,11. Mørdrupskolen,Mette Skamris,Alternativet,8
Helsingørkredsen,11. Mørdrupskolen,Mariane Lunden,Alternativet,0
Helsingørkredsen,11. Mørdrupskolen,Sidsel Dyekjær,Alternativet,1
Helsingørkredsen,11. Mørdrupskolen,Mette Jeppesen,Alternativet,2
Helsingørkredsen,11. Mørdrupskolen,Nicklas Hakmann,Alternativet,2
Helsingørkredsen,11. Mørdrupskolen,Morten Hvidberg Greve,Alternativet,4
Helsingørkredsen,11. Mørdrupskolen,Katjalivah Elleyhansen,(Uden for parti),0
Helsingørkredsen,11. Mørdrupskolen,Jayseth Lotus Arrose Simonysano,(Uden for parti),3
Helsingørkredsen,12. Toldkammeret,Partiliste,Socialdemokratiet,265
Helsingørkredsen,12. Toldkammeret,Henrik Møller,Socialdemokratiet,179
Helsingørkredsen,12. Toldkammeret,Fie Hækkerup,Socialdemokratiet,21
Helsingørkredsen,12. Toldkammeret,Miki Dam Larsen,Socialdemokratiet,7
Helsingørkredsen,12. Toldkammeret,Louise Mehnke,Socialdemokratiet,8
Helsingørkredsen,12. Toldkammeret,Matilde Powers,Socialdemokratiet,8
Helsingørkredsen,12. Toldkammeret,Rasmus Stoklund,Socialdemokratiet,11
Helsingørkredsen,12. Toldkammeret,Partiliste,Radikale Venstre,20
Helsingørkredsen,12. Toldkammeret,Christian Holm Donatzky,Radikale Venstre,14
Helsingørkredsen,12. Toldkammeret,Martin Lidegaard,Radikale Venstre,46
Helsingørkredsen,12. Toldkammeret,Tine Hessner,Radikale Venstre,1
Helsingørkredsen,12. Toldkammeret,Christina Thorholm,Radikale Venstre,4
Helsingørkredsen,12. Toldkammeret,Jacob Netteberg,Radikale Venstre,4
Helsingørkredsen,12. Toldkammeret,Maria Katarina Nielsen,Radikale Venstre,0
Helsingørkredsen,12. Toldkammeret,Partiliste,Det Konservative Folkeparti,61
Helsingørkredsen,12. Toldkammeret,Birgitte Bergman,Det Konservative Folkeparti,39
Helsingørkredsen,12. Toldkammeret,Mette Abildgaard,Det Konservative Folkeparti,7
Helsingørkredsen,12. Toldkammeret,Nikolaj Frederiksen,Det Konservative Folkeparti,1
Helsingørkredsen,12. Toldkammeret,Emma Juul Hansen,Det Konservative Folkeparti,3
Helsingørkredsen,12. Toldkammeret,Egil Hulgaard,Det Konservative Folkeparti,0
Helsingørkredsen,12. Toldkammeret,Christoffer Buster Reinhardt,Det Konservative Folkeparti,1
Helsingørkredsen,12. Toldkammeret,Niels Martin Viuff,Det Konservative Folkeparti,4
Helsingørkredsen,12. Toldkammeret,Partiliste,Nye Borgerlige,33
Helsingørkredsen,12. Toldkammeret,Mette Thiesen,Nye Borgerlige,18
Helsingørkredsen,12. Toldkammeret,Per Olsen,Nye Borgerlige,4
Helsingørkredsen,12. Toldkammeret,Claus Bruncke,Nye Borgerlige,1
Helsingørkredsen,12. Toldkammeret,Søren Højbjerg,Nye Borgerlige,1
Helsingørkredsen,12. Toldkammeret,Søren Regenberg,Nye Borgerlige,0
Helsingørkredsen,12. Toldkammeret,Carsten Winther,Nye Borgerlige,0
Helsingørkredsen,12. Toldkammeret,Partiliste,SF - Socialistisk Folkeparti,117
Helsingørkredsen,12. Toldkammeret,Peter Westermann,SF - Socialistisk Folkeparti,14
Helsingørkredsen,12. Toldkammeret,Marianne Bigum,SF - Socialistisk Folkeparti,17
Helsingørkredsen,12. Toldkammeret,Marianne Stannum,SF - Socialistisk Folkeparti,1
Helsingørkredsen,12. Toldkammeret,Silje Brynildsen,SF - Socialistisk Folkeparti,7
Helsingørkredsen,12. Toldkammeret,Jens Skov,SF - Socialistisk Folkeparti,1
Helsingørkredsen,12. Toldkammeret,Stefan B. Skrubbeltrang,SF - Socialistisk Folkeparti,5
Helsingørkredsen,12. Toldkammeret,Partiliste,Liberal Alliance,134
Helsingørkredsen,12. Toldkammeret,Steffen W. Frølund,Liberal Alliance,14
Helsingørkredsen,12. Toldkammeret,Kim Bjørnstrup,Liberal Alliance,5
Helsingørkredsen,12. Toldkammeret,Lars Høyer Holmqvist,Liberal Alliance,11
Helsingørkredsen,12. Toldkammeret,Steffen Sjørslev,Liberal Alliance,0
Helsingørkredsen,12. Toldkammeret,Marianne Porsborg,Liberal Alliance,0
Helsingørkredsen,12. Toldkammeret,Robert Mørck,Liberal Alliance,1
Helsingørkredsen,12. Toldkammeret,Kira Danholm,Liberal Alliance,2
Helsingørkredsen,12. Toldkammeret,Josephine Svane,Liberal Alliance,5
Helsingørkredsen,12. Toldkammeret,Partiliste,KD - Kristendemokraterne,4
Helsingørkredsen,12. Toldkammeret,Henrik Forsberg,KD - Kristendemokraterne,0
Helsingørkredsen,12. Toldkammeret,Stig Grenov,KD - Kristendemokraterne,1
Helsingørkredsen,12. Toldkammeret,Britta Kristensen,KD - Kristendemokraterne,0
Helsingørkredsen,12. Toldkammeret,Kurt Pedersen,KD - Kristendemokraterne,0
Helsingørkredsen,12. Toldkammeret,Eva Skade Rasmussen,KD - Kristendemokraterne,0
Helsingørkredsen,12. Toldkammeret,Partiliste,Moderaterne,158
Helsingørkredsen,12. Toldkammeret,Jakob Engel-Schmidt,Moderaterne,21
Helsingørkredsen,12. Toldkammeret,Carina Bloch Simonsen,Moderaterne,9
Helsingørkredsen,12. Toldkammeret,Erick Thürmer,Moderaterne,1
Helsingørkredsen,12. Toldkammeret,Kim Rasmussen,Moderaterne,2
Helsingørkredsen,12. Toldkammeret,Kim Mejnert Frydensbjerg,Moderaterne,0
Helsingørkredsen,12. Toldkammeret,Ulf Helgstrand,Moderaterne,0
Helsingørkredsen,12. Toldkammeret,Partiliste,Dansk Folkeparti,30
Helsingørkredsen,12. Toldkammeret,Gert Løfgren,Dansk Folkeparti,1
Helsingørkredsen,12. Toldkammeret,Christian Sødergren,Dansk Folkeparti,2
Helsingørkredsen,12. Toldkammeret,Pia Adelsteen,Dansk Folkeparti,1
Helsingørkredsen,12. Toldkammeret,Brian Lyck Jørgensen,Dansk Folkeparti,0
Helsingørkredsen,12. Toldkammeret,Birgitte Milling,Dansk Folkeparti,1
Helsingørkredsen,12. Toldkammeret,Partiliste,Frie Grønne,0
Helsingørkredsen,12. Toldkammeret,Lars Oskan-Henriksen,Frie Grønne,1
Helsingørkredsen,12. Toldkammeret,Clara Rebecca Svarc,Frie Grønne,0
Helsingørkredsen,12. Toldkammeret,Partiliste,"Venstre, Danmarks Liberale Parti",86
Helsingørkredsen,12. Toldkammeret,Mette Lene Jensen,"Venstre, Danmarks Liberale Parti",22
Helsingørkredsen,12. Toldkammeret,Hans Andersen,"Venstre, Danmarks Liberale Parti",6
Helsingørkredsen,12. Toldkammeret,Jørgen Eirfeldt,"Venstre, Danmarks Liberale Parti",0
Helsingørkredsen,12. Toldkammeret,Thomas Elong,"Venstre, Danmarks Liberale Parti",6
Helsingørkredsen,12. Toldkammeret,Marianne Lynghøj,"Venstre, Danmarks Liberale Parti",3
Helsingørkredsen,12. Toldkammeret,Sophie Løhde,"Venstre, Danmarks Liberale Parti",32
Helsingørkredsen,12. Toldkammeret,Partiliste,Danmarksdemokraterne,50
Helsingørkredsen,12. Toldkammeret,Marlene Harpsøe,Danmarksdemokraterne,6
Helsingørkredsen,12. Toldkammeret,Lars Bregnbak,Danmarksdemokraterne,1
Helsingørkredsen,12. Toldkammeret,Lars Ole Skovgaard Larsen,Danmarksdemokraterne,0
Helsingørkredsen,12. Toldkammeret,Partiliste,Enhedslisten - De Rød-Grønne,120
Helsingørkredsen,12. Toldkammeret,Christoffer Emil Jexen,Enhedslisten - De Rød-Grønne,16
Helsingørkredsen,12. Toldkammeret,Sinem Demir,Enhedslisten - De Rød-Grønne,22
Helsingørkredsen,12. Toldkammeret,Øjvind Vilsholm,Enhedslisten - De Rød-Grønne,2
Helsingørkredsen,12. Toldkammeret,Thue Lundgaard,Enhedslisten - De Rød-Grønne,0
Helsingørkredsen,12. Toldkammeret,Annie Hagel,Enhedslisten - De Rød-Grønne,6
Helsingørkredsen,12. Toldkammeret,Emil Ulrik Andersen,Enhedslisten - De Rød-Grønne,5
Helsingørkredsen,12. Toldkammeret,Partiliste,Alternativet,88
Helsingørkredsen,12. Toldkammeret,Helene Liliendahl Brydensholt,Alternativet,16
Helsingørkredsen,12. Toldkammeret,Allon Hein Sørensen,Alternativet,1
Helsingørkredsen,12. Toldkammeret,Nanna Høyrup,Alternativet,4
Helsingørkredsen,12. Toldkammeret,Maud Margrethe Pedersen,Alternativet,3
Helsingørkredsen,12. Toldkammeret,Mette Skamris,Alternativet,7
Helsingørkredsen,12. Toldkammeret,Mariane Lunden,Alternativet,0
Helsingørkredsen,12. Toldkammeret,Sidsel Dyekjær,Alternativet,1
Helsingørkredsen,12. Toldkammeret,Mette Jeppesen,Alternativet,2
Helsingørkredsen,12. Toldkammeret,Nicklas Hakmann,Alternativet,1
Helsingørkredsen,12. Toldkammeret,Morten Hvidberg Greve,Alternativet,1
Helsingørkredsen,12. Toldkammeret,Katjalivah Elleyhansen,(Uden for parti),1
Helsingørkredsen,12. Toldkammeret,Jayseth Lotus Arrose Simonysano,(Uden for parti),2
